name,come,wait,begin,finish
doc02,22.11226160142081,0.0,22.11226160142081,25.18701176517027
doc01,26.614751694847286,0.0,26.614751694847286,38.63645506998212
doc06,30.585912411266815,0.0,30.585912411266815,35.33548340827114
doc00,33.29475325888992,0.0,33.29475325888992,50.70494455548115
doc04,33.6390991048579,0.0,33.6390991048579,41.64031399235209
doc07,36.08442173024643,0.0,36.08442173024643,40.61814225275934
doc11,41.2035740147645,0.0,41.2035740147645,45.01825748494759
doc03,43.82871726953483,0.0,43.82871726953483,58.48084910201914
doc05,46.957420162412625,0.0,46.957420162412625,52.32780434840796
doc08,54.32227496105011,0.0,54.32227496105011,63.37097433091732
doc12,57.299089357231196,0.0,57.299089357231196,68.79029416856272
doc10,58.27148651610311,0.0,58.27148651610311,76.15758971197684
doc15,73.81325621607834,0.0,73.81325621607834,99.20120833075782
doc18,77.42171479124745,0.0,77.42171479124745,82.81244001178422
doc09,83.6859015629303,0.0,83.6859015629303,119.38826471578011
doc14,89.74654071764098,0.0,89.74654071764098,97.95160734585346
doc23,93.38469809658451,0.0,93.38469809658451,99.55267805172944
doc19,105.23721344907806,0.0,105.23721344907806,133.88024509494912
doc24,113.49436713166426,0.0,113.49436713166426,118.46919836418385
doc26,118.03773904729321,0.0,118.03773904729321,136.1588800796397
doc27,128.35288763642498,0.0,128.35288763642498,144.63664574871152
doc13,140.59319066932704,0.0,140.59319066932704,225.34955441633977
doc31,141.0009342994017,0.0,141.0009342994017,170.7858399069218
doc17,147.80311126339907,0.0,147.80311126339907,232.25312895964922
doc38,149.24033301600915,0.0,149.24033301600915,169.3560083973313
doc44,160.04564184889333,10.740198058028483,170.7858399069218,178.42061734380448
doc39,160.60440623949773,96.50795338419903,257.11235962369676,268.33611294919115
doc45,163.7423015877841,5.613706809547182,169.3560083973313,184.54197640190674
doc40,174.22311936948861,4.197497974315866,178.42061734380448,204.7297109385102
doc53,175.5264488329648,52.809978011070115,228.33642684403492,236.36439376762368
doc48,184.21564504872842,0.3263313531783183,184.54197640190674,204.20428118619287
doc55,186.58155690454308,49.782836863080604,236.36439376762368,245.8805366910145
doc50,187.90089284494331,16.30338834124956,204.20428118619287,228.33642684403492
doc54,193.33552681555173,52.6991872587092,246.03471407426093,251.6291911271222
doc52,198.59246986692648,53.03672126019572,251.6291911271222,257.11235962369676
doc36,198.69448558650723,47.18605110450727,245.8805366910145,292.60745356051143
doc51,201.30078594533117,47.83126664833091,249.13205259366208,258.208485847098
doc57,202.56963027755913,2.160080660951081,204.7297109385102,218.96992085284842
doc37,205.00721187317308,63.32890107601807,268.33611294919115,276.97017169528425
doc58,208.7049597988743,10.264961053974105,218.96992085284842,243.75148855538848
doc49,210.80052444657926,58.0454073446443,268.84593179122356,276.5092423524734
doc62,215.7217596425717,9.627794773768073,225.34955441633977,241.4682675691436
doc64,218.32796143478146,25.42352712060702,243.75148855538848,249.13205259366208
doc67,218.90296906464886,17.741367078547114,236.64433614319597,246.03471407426093
doc43,221.272554063905,55.697617631379245,276.97017169528425,283.2786026650765
doc70,222.58362130896248,35.62486453813554,258.208485847098,267.0498267759595
doc72,229.16323744795147,3.0898915116977435,232.25312895964922,236.64433614319597
doc56,231.81113296941362,56.43907761283316,288.2502105822468,294.8995105927479
doc25,234.9706379119598,42.21207939032686,277.1827173022867,288.2502105822468
doc76,239.84536251957135,1.622905049572239,241.4682675691436,253.98599554915089
doc59,242.3326157203573,193.2665488481074,435.5991645684647,452.8642347651267
doc74,245.29580151891747,63.20093794707293,308.4967394659904,322.58482557276153
doc73,246.19252522781562,7.793470321335263,253.98599554915089,268.84593179122356
doc75,248.94069606542166,684.5192629426399,933.4599590080616,937.9078836910364
doc16,250.7739252225317,335.2091043243804,585.9830295469121,597.7547699525671
doc66,261.4866374102127,181.27849852745874,442.76513593767146,463.20531821846
doc79,266.36935340806116,0.6804733678983439,267.0498267759595,277.1827173022867
doc80,272.85587221259533,3.6533701398780636,276.5092423524734,297.2355205141265
doc77,272.9286641642145,15.78764020655882,288.71630437077334,328.154130060781
doc83,282.2982124792271,0.9803901858493873,283.2786026650765,288.71630437077334
doc81,288.73223503804536,8.503285476081146,297.2355205141265,300.6093360976362
doc78,291.1199393880198,1.4875141724916148,292.60745356051143,332.01164316315857
doc89,293.75916193703347,1.1403486557144333,294.8995105927479,308.4967394659904
doc86,298.36671322396137,2.2426228736748044,300.6093360976362,319.1942737705373
doc84,309.80723303091025,29.515717774016707,339.32295080492696,376.0067013434063
doc85,314.4584701006582,4.73580366987909,319.1942737705373,361.3509354872666
doc98,321.0800267426039,1.5047988301576538,322.58482557276153,342.2130454356953
doc91,324.85420206443604,3.299927996344934,328.154130060781,334.90210211774166
doc102,326.0940754348762,5.917567728282393,332.01164316315857,339.32295080492696
doc94,331.8396039768838,3.0624981408578833,334.90210211774166,351.901081429812
doc100,334.4270724219433,26.463862461606993,360.8909348835503,365.70374283480754
doc106,340.9992945844882,1.2137508512070667,342.2130454356953,360.8909348835503
doc103,344.823077380372,24.161366310633014,368.984443691005,376.9709610162758
doc93,347.01416957683784,35.11663815155987,382.1308077283977,387.8459459205199
doc109,351.30365194726903,0.5974294825429638,351.901081429812,363.3976481021476
doc117,353.3394546435638,12.364288191243759,365.70374283480754,368.984443691005
doc105,357.68034201935586,52.81029453497297,410.49063655432883,426.3897406569
doc90,361.3018552237434,0.04908026352319439,361.3509354872666,410.49063655432883
doc114,361.35747897941496,2.0401691227326637,363.3976481021476,376.7986943457768
doc119,364.5851869296824,11.421514413723912,376.0067013434063,382.1308077283977
doc101,367.086401364203,49.99720373355484,417.08360509775787,430.13570004306905
doc118,367.24475616764425,51.19514824878536,418.4399044164296,422.2336042358352
doc111,370.5305867790616,51.70301745677358,422.2336042358352,432.2298233892223
doc82,372.8598519304627,45.711265566708846,418.57111749717154,423.40241658439567
doc116,373.9173598011156,49.48505678328007,423.40241658439567,429.7469591063793
doc113,376.00748118227256,0.9634798340032376,376.9709610162758,402.7747181102816
doc125,376.0527747831457,0.7459195626311157,376.7986943457768,389.62307361270433
doc92,380.0896373535674,50.04606268950164,430.13570004306905,435.5420442835985
doc122,382.1898184824022,5.656127438117721,387.8459459205199,393.8458432102616
doc130,383.4668671882662,19.54692610297235,403.0137932912385,406.5928632326164
doc128,388.3013122121618,1.3217614005425276,389.62307361270433,403.0137932912385
doc127,390.38336778969267,3.4624754205689214,393.8458432102616,418.57111749717154
doc124,391.1154225072544,11.659295603027203,402.7747181102816,408.94759242252235
doc126,402.3522040869672,4.240659145649204,406.5928632326164,417.08360509775787
doc132,407.38017831739097,1.5674141051313768,408.94759242252235,414.63216296997143
doc142,413.6789019049535,0.9532610650179549,414.63216296997143,418.4399044164296
doc107,421.4398900536249,14.102154229973621,435.5420442835985,442.76513593767146
doc136,423.58171355376084,2.8080271031391817,426.3897406569,435.5991645684647
doc123,427.3703205184482,2.3766385879310974,429.7469591063793,454.42433446625273
doc96,431.5363060260824,0.6935173631399039,432.2298233892223,493.7267487137442
doc145,443.58243940449165,9.281795360635044,452.8642347651267,473.47952729834435
doc144,448.33886831285196,6.085466153400773,454.42433446625273,474.4539152387625
doc131,450.9099117061608,79.71326149015573,530.6231731963165,585.9830295469121
doc154,459.6774516778336,15.09302908635874,474.7704807641923,482.9217998862824
doc155,459.7038837210644,3.5014344973955644,463.20531821846,474.7704807641923
doc156,464.8822952309003,9.57162000786218,474.4539152387625,490.5861730370055
doc158,467.3976573604751,6.081869937869271,473.47952729834435,479.1186555500798
doc137,474.8132301062938,4.305425443785964,479.1186555500798,530.6231731963165
doc151,478.77954821245976,21.58117620391681,500.36072441637657,506.95013657518916
doc153,478.90710473079173,4.014695155490642,482.9217998862824,500.36072441637657
doc160,481.7657488857635,8.82042415124198,490.5861730370055,500.2428904011938
doc138,481.95633106466994,24.993805510519223,506.95013657518916,515.87146327642
doc139,488.300651194498,20.077235771667915,508.37788696616593,517.3190525390195
doc143,490.1803057133075,17.396458397155072,507.5767641104626,516.0057630889171
doc147,491.2165327005331,28.455007281353687,519.6715399818868,533.6841224563781
doc162,492.85267447151796,0.8740742422262429,493.7267487137442,500.0275649085685
doc165,495.08034048731395,4.947224421254532,500.0275649085685,507.5767641104626
doc159,495.10355649386963,38.580565962508444,533.6841224563781,544.5043963505715
doc169,499.92419506326905,0.31869533792473703,500.2428904011938,504.1344252294395
doc166,503.8684273842373,0.2659978452022074,504.1344252294395,508.37788696616593
doc164,508.40987595932626,8.909176579693224,517.3190525390195,524.0856704809016
doc168,508.5930216664479,7.412741422469196,516.0057630889171,519.6715399818868
doc161,510.77033368340244,5.101129593017504,515.87146327642,549.967180308514
doc115,511.8480284599737,73.59378269085033,585.441811150824,610.6432743808865
doc108,514.0400844642764,72.22488264244748,586.2649671067239,600.5850425507479
doc174,520.9325389429406,36.4316265801142,557.3641655230548,571.9149966464217
doc175,522.9925589017253,1.093111579176366,524.0856704809016,538.7123623079607
doc171,523.5765399167207,365.9115983399845,889.4881382567052,894.3758666490562
doc152,526.5972021406043,404.86422912419914,931.4614312648034,934.6051630767613
doc177,535.0370591406142,3.675303167346442,538.7123623079607,557.3641655230548
doc178,535.4689443001661,438.9711230506506,974.4400673508167,983.7173294281494
doc176,541.4895505062838,8.47762980223024,549.967180308514,580.3279366047616
doc179,544.1656256305415,0.3387707200299701,544.5043963505715,565.7924981969688
doc22,544.7746904245193,435.5788563936185,980.3535468181378,990.9071062415176
doc141,552.6156364209508,438.2914698205668,990.9071062415176,998.6353298971188
doc181,555.0298117621561,418.7020800275898,973.7318917897459,988.8368480042691
doc182,559.6596488993113,6.132849297657572,565.7924981969688,585.441811150824
doc133,560.6917921223791,429.9593033844835,990.6510955068626,1007.0642784582191
doc184,565.8562380662155,14.471698538546093,580.3279366047616,591.7024453030095
doc188,567.7560363840098,4.158960262411938,571.9149966464217,576.3423146178906
doc193,574.0170029978503,2.3253116200402246,576.3423146178906,586.2649671067239
doc191,588.3177618845667,6.502088915597483,594.8198508001642,621.7950067594313
doc200,590.4066455504118,1.295799752597759,591.7024453030095,594.8198508001642
doc192,593.8155101677864,3.9392597847806883,597.7547699525671,624.7762960661537
doc187,598.3453918719065,2.2396506788413717,600.5850425507479,627.8476020519611
doc199,600.7547159164493,24.02158014970439,624.7762960661537,633.470501268533
doc203,604.9708558795483,16.824150879883064,621.7950067594313,627.6224635037726
doc204,607.18315012847,3.4601242524165627,610.6432743808865,624.167464089721
doc206,609.4148316500127,14.752632439708236,624.167464089721,636.0861802135281
doc202,612.6452315313459,15.202370520615204,627.8476020519611,632.525553083122
doc189,615.7505369838448,28.761964801402428,644.5125017852472,667.6772442276992
doc201,617.9916549826881,18.094525230839963,636.0861802135281,640.3955586934194
doc207,624.8851955769052,13.983423328716981,638.8686189056222,642.4237753489132
doc210,625.9086129531556,1.7138505506169395,627.6224635037726,633.6401497987102
doc195,630.2778122139139,3.3623375847963644,633.6401497987102,684.2075798272347
doc214,630.2884142043018,2.237138878820133,632.525553083122,644.046866037198
doc215,632.356818957383,1.1136823111500007,633.470501268533,638.8686189056222
doc205,636.6070636836353,3.7884950097841283,640.3955586934194,644.5125017852472
doc185,639.057718802248,28.61952542545123,667.6772442276992,689.8348805810829
doc220,641.7615004187911,0.6622749301220665,642.4237753489132,650.3702397292815
doc212,643.6563961249697,0.3904699122283546,644.046866037198,660.3504653607496
doc211,646.6746682147401,11.569685187941673,658.2443534026818,664.4684212476351
doc223,648.6217148669825,1.7485248622989502,650.3702397292815,658.2443534026818
doc221,658.4385571243181,1.9119082364314863,660.3504653607496,668.9659146228875
doc198,663.1163746851653,1.352046562469809,664.4684212476351,715.4947113141172
doc225,667.7489438985265,1.2169707243609764,668.9659146228875,686.7445055990928
doc230,673.5675655046315,13.176940094461315,686.7445055990928,696.4965876340696
doc213,678.6068859674115,34.8581134961197,713.4649994635312,744.5244889241751
doc238,680.7286818018924,3.4788980253422324,684.2075798272347,690.2156469695526
doc226,681.7764921298127,8.4391548397399,690.2156469695526,713.4649994635312
doc231,683.1504986053859,21.249046641771542,704.3995452471574,719.3286390906302
doc237,687.2759240800682,13.433288719046914,700.7092127991151,704.3995452471574
doc236,689.7090710814632,0.12580949961966326,689.8348805810829,700.7092127991151
doc232,691.8464915413718,4.650096092697709,696.4965876340696,703.4066304317804
doc228,698.2409274253537,17.780187084646286,716.02111451,731.2813270513561
doc194,699.2252463638197,68.54784951782494,767.7730958816446,773.1325325629512
doc241,702.6155008364486,0.7911295953317676,703.4066304317804,716.02111451
doc216,705.6203274758279,13.708311614802255,719.3286390906302,736.5410442390969
doc208,708.9389499648988,65.03553633156025,773.9744862964591,791.1896728734278
doc218,715.3794270765709,21.161617162526,736.5410442390969,767.7730958816446
doc247,715.4107455381669,0.0839657759503325,715.4947113141172,728.0216655147326
doc246,722.4306457691523,5.591019745580297,728.0216655147326,741.6604877471635
doc251,727.6679772101742,3.6133498411819573,731.2813270513561,740.7404357499113
doc244,739.9896605998649,0.7507751500463655,740.7404357499113,751.5849529573508
doc243,740.7819866867305,0.8785010604329955,741.6604877471635,757.2396762197662
doc254,742.447267096525,2.077221827650078,744.5244889241751,750.9528905327493
doc242,747.1225459145069,4.462407042843893,751.5849529573508,775.9897407710245
doc256,749.39389797682,1.5589925559293079,750.9528905327493,759.39143551039
doc183,749.7020973520442,29.769013279349565,779.4711106313938,819.6085928318292
doc248,753.8034422902115,6.702351983726203,760.5057942739377,764.881131013315
doc260,754.8312269691938,2.408449250572403,757.2396762197662,760.5057942739377
doc257,758.1122007343371,1.279234776052931,759.39143551039,773.9744862964591
doc259,761.1079002855503,3.7732307277647124,764.881131013315,779.4711106313938
doc266,770.9443748532364,2.188157709714801,773.1325325629512,784.2176458512806
doc255,775.7239544618175,0.2657863092069874,775.9897407710245,806.9398378027611
doc267,780.2916582234171,9.32331425857501,789.6149724819921,797.2671155693073
doc265,780.6529674101779,3.5646784411027284,784.2176458512806,789.6149724819921
doc258,783.7492738270143,7.440399046413404,791.1896728734278,819.8019925882318
doc269,792.6100023230998,4.657113246207473,797.2671155693073,808.2257983662022
doc197,795.8552861880046,52.756207676212284,848.6114938642169,862.1233953277039
doc270,798.4967077393653,21.30528484886645,819.8019925882318,834.6503823135142
doc275,801.7648412283437,5.174996574417378,806.9398378027611,815.8783820791168
doc277,805.9692642891389,13.63932854269035,819.6085928318292,826.286013508487
doc264,807.1376014309369,1.0881969352652732,808.2257983662022,862.3126289586414
doc276,808.994223891268,25.65615842224622,834.6503823135142,841.7579321822906
doc273,813.186880277979,2.6915018011378606,815.8783820791168,838.4877859239457
doc217,817.6754929309967,44.44790239670715,862.1233953277039,873.1505538239699
doc282,821.123264356445,5.162749152042011,826.286013508487,837.9612875864433
doc283,822.7744868029199,18.983445379370664,841.7579321822906,848.3014686501118
doc285,825.093547403196,13.394238520749695,838.4877859239457,848.6114938642169
doc274,834.0054927941707,3.955794792272627,837.9612875864433,860.3567959378
doc239,838.7780829867129,23.534545971928537,862.3126289586414,881.5244126587587
doc284,839.0012094027574,23.75006673962241,862.7512761423798,875.8615184030712
doc287,844.4408268264817,3.8606418236300897,848.3014686501118,862.7512761423798
doc253,846.4598168062735,16.97882256790035,863.4386393741738,882.9036929651564
doc186,849.1689822713419,26.692536131729298,875.8615184030712,889.4881382567052
doc222,851.3604789418482,37.31254589727621,888.6730248391244,901.8876285368639
doc209,855.4905454594185,38.88532118963769,894.3758666490562,899.0849274584525
doc293,858.282023182439,2.074772755360982,860.3567959378,863.4386393741738
doc234,862.3573499329534,85.91517349049286,948.2725234234463,953.3225992653452
doc292,864.5698470715081,86.9813194642619,951.55116653577,955.1551126242048
doc291,867.8778160671901,5.2727377567797475,873.1505538239699,892.7027641313407
doc229,871.2498354095147,99.07170583346249,970.3215412429772,973.7318917897459
doc235,876.4901445716484,16.212619559692257,892.7027641313407,913.2006322986284
doc296,877.4380326810902,4.086379977668457,881.5244126587587,888.6730248391244
doc297,879.5600760684194,3.3436168967369895,882.9036929651564,887.7973774805347
doc286,883.4739480222365,71.68116460196825,955.1551126242048,980.3535468181378
doc295,885.4459801497774,2.3513973307573224,887.7973774805347,901.2385716850047
doc21,887.4899689245733,104.22898048225932,991.7189494068326,998.4537988488509
doc298,889.1096002582785,27.11664778578438,916.2262480440629,921.6177872954123
doc71,892.204463477111,108.2924709108189,1000.4969343879299,1006.7798400828021
doc302,894.9814460622969,6.906182474567004,901.8876285368639,909.0828578026029
doc294,897.843257343177,1.2416701152754968,899.0849274584525,926.0924916408443
doc300,900.6713970936962,0.5671745913084578,901.2385716850047,915.9506237201812
doc134,903.0373245501156,153.0780829515594,1056.115407501675,1060.0056419470045
doc301,904.4581173692593,4.624740433343618,909.0828578026029,931.4614312648034
doc112,908.2860766740132,99.05914031461225,1007.3452169886255,1015.2521643068151
doc310,913.150402119188,0.050230179440404754,913.2006322986284,916.2262480440629
doc305,915.5595785191607,0.3910452010204608,915.9506237201812,926.4538806744782
doc308,920.5054771756387,5.948403498839525,926.4538806744782,934.9734858493964
doc303,921.3452856704623,0.27250162494999586,921.6177872954123,945.2645594755685
doc307,924.7591591187447,73.8761707783741,998.6353298971188,1007.3452169886255
doc312,925.3921928561064,0.7002987847379245,926.0924916408443,933.4599590080616
doc309,933.5889421640106,1.384543685385779,934.9734858493964,951.55116653577
doc311,934.1170788169052,0.488084259856123,934.6051630767613,952.2286740764922
doc313,936.8945540851819,1.0133296058545511,937.9078836910364,949.3927727066283
doc306,938.388651129629,119.7506009740797,1058.1392521037087,1073.130378554292
doc279,940.4023938266675,119.60324812033696,1060.0056419470045,1073.0467202864663
doc322,944.428894276211,0.835665199357436,945.2645594755685,948.2725234234463
doc314,946.5577803200035,5.670893756488681,952.2286740764922,963.8210092915679
doc316,949.0556590037689,0.33711370285936937,949.3927727066283,956.9328126557225
doc319,952.9231381947594,0.399461070585744,953.3225992653452,960.3721217778099
doc315,955.4532494652218,1.4795631905006985,956.9328126557225,979.2495643829541
doc324,960.3351163655046,0.03700541230523413,960.3721217778099,969.6094547870301
doc327,962.5526613382534,1.2683479533144464,963.8210092915679,970.3215412429772
doc329,966.4651032715242,3.144351515505946,969.6094547870301,974.4400673508167
doc120,967.445932342725,113.26600460273016,1080.7119369454551,1093.9854358237387
doc330,977.4921419785468,1.7574224044072935,979.2495643829541,990.6510955068626
doc332,981.3546551542975,2.362674273851894,983.7173294281494,986.8079302095632
doc339,983.9935391506123,2.814391058950946,986.8079302095632,991.7189494068326
doc335,988.5497139982233,0.28713400604578965,988.8368480042691,1000.4969343879299
doc299,991.2680644760466,91.3194619718289,1082.5875264478755,1098.0529028577132
doc172,993.9226201323961,90.56428112639264,1084.4869012587887,1108.5047398055494
doc328,995.4821769459749,2.971621902875995,998.4537988488509,1017.3887696778389
doc167,1001.1290945593788,163.07777496794836,1164.2068695273272,1174.7422258069382
doc338,1002.7976254941983,4.26665296402075,1007.0642784582191,1021.8615663096666
doc341,1006.247858642943,0.5319814398591234,1006.7798400828021,1012.515793308265
doc334,1008.6286095266926,13.232956782974043,1021.8615663096666,1043.0365019245276
doc340,1009.420196721143,3.0955965871219178,1012.515793308265,1027.2775253297025
doc337,1012.944700185432,18.549266342910983,1031.493966528343,1035.7017619171838
doc343,1013.3759397242586,1.8762245825564605,1015.2521643068151,1020.6657444645267
doc342,1015.7412544197961,1.6475152580428585,1017.3887696778389,1031.493966528343
doc68,1019.5409708907098,318.03646550633493,1337.5774363970447,1390.1408908227086
doc345,1020.11438970494,0.5513547595867294,1020.6657444645267,1037.7436539186442
doc333,1022.3524797403787,15.391174178265487,1037.7436539186442,1047.114726702641
doc353,1024.5706385500318,2.70688677967064,1027.2775253297025,1034.1009823292943
doc356,1031.966468564978,2.1345137643163525,1034.1009823292943,1039.2029610909005
doc355,1032.968832709287,2.7329292078968592,1035.7017619171838,1045.8182966320142
doc348,1038.8022402727188,4.234261651808765,1043.0365019245276,1056.115407501675
doc347,1038.9915029399335,0.2114581509670188,1039.2029610909005,1058.1392521037087
doc365,1044.7779196069184,1.0403770250957223,1045.8182966320142,1050.934075657565
doc346,1044.8182946901823,2.2964320124588085,1047.114726702641,1053.8240936007314
doc358,1047.5102499344516,3.4238257231133957,1050.934075657565,1064.4606626244843
doc359,1051.6153321247336,2.2087614759977896,1053.8240936007314,1073.1377628287696
doc367,1060.8299928247266,12.300385729565505,1073.130378554292,1080.4074510893624
doc357,1063.9090976342902,0.5515649901940378,1064.4606626244843,1084.4869012587887
doc368,1067.3703974723417,5.67632281412466,1073.0467202864663,1082.5875264478755
doc370,1070.9193611968726,2.2184016318969952,1073.1377628287696,1080.7119369454551
doc363,1074.1364405332552,6.271010556107285,1080.4074510893624,1108.4202316635065
doc361,1088.034022585626,76.16316983730462,1164.1971924229306,1219.864153913811
doc372,1092.9346901052315,1.0507457185071871,1093.9854358237387,1119.4481333904246
doc373,1094.60765322315,3.445249634563197,1098.0529028577132,1111.183979012729
doc380,1099.2531150866648,11.930863926064148,1111.183979012729,1120.2959327942126
doc382,1101.8468872189226,6.573344444583881,1108.4202316635065,1124.7776019440475
doc378,1103.48048468498,5.024255120569478,1108.5047398055494,1135.8427491321793
doc383,1109.5900568146528,15.18754512939472,1124.7776019440475,1134.1863556441917
doc375,1113.8609929089203,9.339753761782276,1123.2007466707025,1145.613821058516
doc392,1116.0898670184056,3.3582663720189885,1119.4481333904246,1123.2007466707025
doc384,1118.3219833331539,1.9739494610587371,1120.2959327942126,1137.6746041628933
doc374,1132.9393509809768,2.9033981512025093,1135.8427491321793,1154.4950153863062
doc393,1134.1856962470765,0.000659397115214233,1134.1863556441917,1142.3419533438869
doc395,1135.9611521868492,1.713451976044098,1137.6746041628933,1147.7401406495485
doc394,1139.4930925685233,2.848860775363619,1142.3419533438869,1163.7396343694995
doc396,1142.7430430434385,4.997097606109946,1147.7401406495485,1164.1971924229306
doc397,1144.8003426043092,0.8134784542066882,1145.613821058516,1166.421007723775
doc398,1150.6253555850792,3.8696598012270442,1154.4950153863062,1164.2068695273272
doc405,1156.3793370847516,7.360297284747958,1163.7396343694995,1169.8673348968832
doc407,1165.54990653446,0.8711011893149134,1166.421007723775,1185.0448468640323
doc389,1169.101000925941,0.7663339709422416,1169.8673348968832,1204.157507416859
doc399,1169.3988136411133,5.34341216582493,1174.7422258069382,1194.6892217735353
doc412,1175.7858965047608,17.810447112824022,1193.5963436175848,1198.6102084892889
doc401,1175.9409780928463,22.669230396442572,1198.6102084892889,1226.5698922496786
doc402,1178.6850621992182,32.44445789161773,1211.129520090836,1235.8738924190047
doc414,1181.8536004300147,3.1912464340175575,1185.0448468640323,1193.5963436175848
doc369,1183.6943308990462,36.16982301476469,1219.864153913811,1232.7445587433265
doc415,1184.0472331448864,10.64198862864896,1194.6892217735353,1207.2209469245802
doc381,1190.4825352435982,45.39135717540648,1235.8738924190047,1242.510273247276
doc366,1197.8752952399846,39.30502020616814,1237.1803154461527,1240.5959032798214
doc388,1200.217410087112,36.796204442389126,1237.0136145295012,1249.8234474288424
doc417,1202.0931322365143,5.127814688065882,1207.2209469245802,1220.4880052620233
doc421,1203.2113840534018,0.9461233634572181,1204.157507416859,1211.129520090836
doc385,1206.5577517438205,13.93025351820279,1220.4880052620233,1237.1803154461527
doc418,1222.6053138186155,10.134667790235426,1232.739981608851,1251.4927581240881
doc410,1223.0651646542417,17.530738625579716,1240.5959032798214,1248.2025252399455
doc426,1225.121722770759,1.4481694789194535,1226.5698922496786,1232.739981608851
doc422,1226.9839133111598,5.7606454321667115,1232.7445587433265,1237.0136145295012
doc364,1230.7693780960642,17.433147143881342,1248.2025252399455,1257.7854750259671
doc411,1232.9798784618447,18.51287966224345,1251.4927581240881,1258.4135573859608
doc376,1233.1483659871994,9.361907260076578,1242.510273247276,1266.7545751955436
doc429,1235.4355202014415,14.38792722740095,1249.8234474288424,1256.7574893542935
doc425,1236.1808184153788,21.604656610588336,1257.7854750259671,1271.9697274225684
doc371,1238.3244493165696,23.286040779603354,1261.610490096173,1292.9583909259943
doc386,1242.3607324242948,16.05282496166592,1258.4135573859608,1261.610490096173
doc352,1247.2828970673474,24.68683035522099,1271.9697274225684,1285.8976302156416
doc413,1249.4334381799024,12.219943943783846,1261.6533821236862,1266.0957786392082
doc351,1251.8612101966228,37.03722754347541,1288.8984377400982,1300.8681850813146
doc432,1255.3344051820923,1.4230841722012428,1256.7574893542935,1261.6533821236862
doc430,1262.9271214236692,3.8274537718743886,1266.7545751955436,1282.3553662258732
doc360,1265.2960756089267,27.662315317067623,1292.9583909259943,1304.8396918933688
doc431,1265.7898493226685,0.3059293165397321,1266.0957786392082,1275.9868501746002
doc400,1268.04962764704,27.29144320470641,1295.3410708517465,1316.173831516459
doc416,1269.943704176237,23.926396274059698,1293.8701004502966,1305.1095789262542
doc438,1275.4973631730152,6.858003052858066,1282.3553662258732,1293.8701004502966
doc434,1275.5662238689895,0.4206263056107673,1275.9868501746002,1295.3410708517465
doc428,1278.214450757657,27.58915684625572,1305.8036076039127,1310.3079479016421
doc440,1279.0151775536208,6.882452662020796,1285.8976302156416,1288.8984377400982
doc435,1280.8016338168081,31.75864880322206,1312.5602826200302,1324.4345700139315
doc391,1282.0692941626346,38.36557710000011,1320.4348712626347,1331.822382165749
doc439,1287.7017721748452,42.02141233392081,1329.723184508766,1335.9499267795152
doc444,1291.4440235035806,23.88925368880473,1315.3332771923854,1320.4348712626347
doc288,1297.7991115183488,47.533737609937816,1345.3328491282866,1357.8263641733167
doc443,1300.4273073769964,0.44087770431815443,1300.8681850813146,1305.8036076039127
doc441,1302.454481421007,2.6550975052473405,1305.1095789262542,1337.5774363970447
doc446,1304.1899812010706,0.6497106922981857,1304.8396918933688,1312.5602826200302
doc321,1305.43864842328,45.065957459813035,1350.504605883093,1358.5190674640196
doc449,1307.755042776738,2.5529051249041004,1310.3079479016421,1315.3332771923854
doc262,1307.8520288778661,50.66703858615347,1358.5190674640196,1371.2778090987442
doc419,1310.5844582894874,62.14758158720815,1372.7320398766956,1384.5636660929258
doc409,1311.8437139600705,58.11862548836302,1369.9623394484336,1373.320495804793
doc451,1315.744914602243,0.4289169142159608,1316.173831516459,1324.1425428853756
doc448,1321.7792394222101,2.6553305917213947,1324.4345700139315,1340.9197910052155
doc452,1321.8886310290181,2.2539118563574903,1324.1425428853756,1329.723184508766
doc445,1330.3395957513465,1.4827864144026535,1331.822382165749,1369.9623394484336
doc278,1335.4714342726804,37.8490615321125,1373.320495804793,1412.3478680760138
doc450,1335.5162156153374,0.43371116417779376,1335.9499267795152,1350.504605883093
doc453,1337.9554520274055,2.96433897781003,1340.9197910052155,1345.3328491282866
doc28,1338.5709706710184,73.77689740499545,1412.3478680760138,1419.0391240857846
doc268,1345.1014410691382,60.78438315794415,1405.8858242270824,1423.604153785237
doc280,1345.1909207132285,58.15293584107485,1403.3438565543033,1426.2136499509634
doc318,1347.1959684186245,71.84315566716009,1419.0391240857846,1422.0889415421002
doc455,1351.0313818018712,24.555079478000835,1375.586461279872,1383.0576366103192
doc456,1352.7806354419406,5.04572873137613,1357.8263641733167,1363.6127416517115
doc458,1359.310532753124,4.302208898587423,1363.6127416517115,1372.7320398766956
doc104,1361.4826537648137,78.69289583205386,1440.1755495968675,1444.831896640258
doc163,1362.4529295287634,57.45887941106571,1419.9118089398291,1431.102561030914
doc261,1364.1129864735385,62.10066347742486,1426.2136499509634,1440.1755495968675
doc462,1371.2635637276562,0.014245371088009051,1371.2778090987442,1375.586461279872
doc454,1375.7598384541782,10.900854951386918,1386.660693405565,1419.9118089398291
doc461,1377.4594925217075,5.598144088611662,1383.0576366103192,1386.660693405565
doc460,1378.6152623016078,5.9484037913180146,1384.5636660929258,1397.8473005302617
doc350,1381.9670711686572,62.86482547160085,1444.831896640258,1457.7646783250218
doc463,1384.304855854112,5.83603496859655,1390.1408908227086,1403.3438565543033
doc466,1388.1871196151603,14.04893248872304,1402.2360521038834,1405.8858242270824
doc227,1389.168594663515,52.136802657487806,1441.3053973210028,1461.298259649109
doc427,1393.1853091989979,51.68494011921166,1444.8702493182095,1465.2433945003047
doc468,1395.8511203678952,1.9961801623664996,1397.8473005302617,1402.2360521038834
doc263,1396.5638742975307,70.04214126123702,1466.6060155587677,1472.3137951542287
doc403,1403.452644831748,99.10966496727451,1502.5623097990226,1505.7596120961036
doc35,1408.6009775226871,40.05081375498071,1448.6517912776678,1462.5261446487557
doc289,1416.1738118242804,82.8872605174488,1499.0610723417292,1511.5255178950192
doc465,1421.0474618965143,1.0414796455859232,1422.0889415421002,1439.5946468601842
doc467,1422.872502880088,0.7316509051490812,1423.604153785237,1448.6517912776678
doc470,1426.6203331735696,8.072829598549106,1434.6931627721187,1441.3053973210028
doc471,1427.0958940404819,12.498752819702304,1439.5946468601842,1444.8702493182095
doc349,1429.1852710973967,76.57434099870693,1505.7596120961036,1517.5351193091012
doc478,1430.1230315162488,0.9795295146652734,1431.102561030914,1434.6931627721187
doc245,1433.243855140956,73.02350711437703,1506.267362255333,1531.551762678543
doc99,1436.6580086784377,80.87711063066354,1517.5351193091012,1534.012859779337
doc97,1439.2377511107175,73.57505974658943,1512.8128108573069,1533.2771920082732
doc475,1450.2451804167351,7.519497908286667,1457.7646783250218,1486.6842940622455
doc477,1451.9226630579476,10.603481590808087,1462.5261446487557,1485.7363144938076
doc480,1457.3280984074884,3.9701612416206444,1461.298259649109,1466.6060155587677
doc476,1460.9823341174742,4.261060382830465,1465.2433945003047,1493.9775801858761
doc46,1464.2287509717892,74.52987364274964,1538.7586246145388,1570.3107748345624
doc482,1467.8331189553105,4.480676198918218,1472.3137951542287,1482.655330419406
doc479,1467.8857723306323,25.23331276802378,1493.1190850986561,1499.0610723417292
doc483,1473.0216268145448,12.714687679262852,1485.7363144938076,1490.0099130674491
doc484,1478.8013418386524,3.853988580753594,1482.655330419406,1502.5623097990226
doc487,1480.2421507721263,9.767762295322882,1490.0099130674491,1502.082385654909
doc490,1483.8967232008522,2.7875708613933057,1486.6842940622455,1493.1190850986561
doc481,1484.6738815562007,9.30369862967541,1493.9775801858761,1512.8128108573069
doc32,1489.822872746398,49.93711781291063,1539.7599905593086,1559.0098432220532
doc30,1495.2780082186075,92.48801165215377,1587.7660198707613,1599.8244791542247
doc494,1500.0801187075913,2.002266947317821,1502.082385654909,1506.267362255333
doc495,1507.8582394949735,3.6672784000456886,1511.5255178950192,1516.1212830871202
doc354,1511.7568704580121,64.18141428445074,1575.9382847424629,1588.4284340731494
doc493,1513.0034161322612,3.1178669548589824,1516.1212830871202,1539.7599905593086
doc498,1520.6749297387003,12.602262269572975,1533.2771920082732,1536.7559575451141
doc500,1521.1088836456422,10.442879032900692,1531.551762678543,1534.688371690967
doc499,1527.0455985616122,7.642773129354737,1534.688371690967,1547.353814453091
doc496,1532.672258039561,1.340601739776048,1534.012859779337,1538.7586246145388
doc501,1535.4846843543696,1.2712731907445232,1536.7559575451141,1545.6752587175629
doc492,1540.4787789138113,34.73179245437382,1575.2105713681851,1581.3993049920368
doc491,1542.9060942143099,4.44772023878113,1547.353814453091,1561.3298755892006
doc505,1545.008605097711,0.6666536198517861,1545.6752587175629,1562.7252556372357
doc464,1547.0891034231358,41.33933065001361,1588.4284340731494,1607.3922641887852
doc506,1552.285293323654,6.724549898399118,1559.0098432220532,1571.980314007727
doc502,1561.1129859990651,0.21688959013545173,1561.3298755892006,1587.7660198707613
doc504,1561.3487112642786,1.3765443729571416,1562.7252556372357,1575.2105713681851
doc513,1563.976046661063,6.334728173499343,1570.3107748345624,1574.7136935456203
doc521,1569.6327200456037,2.3475939621232556,1571.980314007727,1575.9382847424629
doc511,1572.0097858020843,2.7039077435360923,1574.7136935456203,1583.424062179069
doc517,1579.083703584864,2.315601407172835,1581.3993049920368,1586.0833515890847
doc519,1581.4148022390236,2.0092599400454674,1583.424062179069,1605.5665051830656
doc508,1585.8454748804536,0.23787670863111998,1586.0833515890847,1613.7606158937947
doc518,1592.793797609771,20.384864794317537,1613.1786624040885,1638.1215290038533
doc527,1598.3087019888967,5.318850405549938,1603.6275523944466,1613.1786624040885
doc528,1599.2295012141085,0.5949779401162232,1599.8244791542247,1603.6275523944466
doc525,1601.5308463956405,5.86141779314471,1607.3922641887852,1627.4299923511153
doc531,1604.1198447746872,1.4466604083784205,1605.5665051830656,1616.7980999870722
doc507,1606.595975957005,7.1646399367896265,1613.7606158937947,1637.6465487320702
doc516,1614.1708910048826,2.627208982189586,1616.7980999870722,1628.1052832680352
doc512,1616.7136780403523,15.051116229489025,1631.7647942698413,1657.4495351051953
doc536,1619.199352574174,8.230639776941189,1627.4299923511153,1632.6052117760187
doc520,1619.382691533729,8.722591734306206,1628.1052832680352,1631.7647942698413
doc523,1623.7505930220839,8.854618753934801,1632.6052117760187,1643.6840881844737
doc526,1635.8166146314884,1.829934100581795,1637.6465487320702,1641.6399773520131
doc524,1643.483022439923,0.0,1643.483022439923,1659.9837091507347
doc541,1647.1179201577756,0.0,1647.1179201577756,1652.9572065131267
doc539,1651.9692654075488,0.0,1651.9692654075488,1666.7703906519353
doc540,1657.6551630139593,0.0,1657.6551630139593,1671.4386200026693
doc538,1662.6629837582211,0.0,1662.6629837582211,1676.1242087874236
doc537,1663.4631101139576,0.0,1663.4631101139576,1702.9399539601397
doc535,1667.8343513228012,0.0,1667.8343513228012,1684.7965151638487
doc542,1669.2046856012257,2.2339344014435483,1671.4386200026693,1679.1470935233847
doc533,1672.880335532508,3.24387325491557,1676.1242087874236,1706.8046594196405
doc550,1677.1795901137295,1.9675034096551371,1679.1470935233847,1692.8336077042916
doc547,1680.2525827550276,4.543932408821092,1684.7965151638487,1693.5437591081893
doc553,1685.567126638425,7.976632469764354,1693.5437591081893,1701.937579093677
doc546,1686.494734940375,20.30992447926542,1706.8046594196405,1724.515579200756
doc554,1690.4129520908198,2.4206556134718085,1692.8336077042916,1704.215718898703
doc558,1693.5952976868948,8.34228140678215,1701.937579093677,1713.4023030932476
doc557,1696.3416600860653,6.598293874074443,1702.9399539601397,1713.0546762651454
doc562,1699.9735500771417,4.242168821561336,1704.215718898703,1707.493926979452
doc534,1704.340845434716,3.1530815447360965,1707.493926979452,1738.75676135835
doc555,1708.2963031929053,4.758373072240147,1713.0546762651454,1727.1783043940109
doc551,1711.1554196627499,2.2468834304977463,1713.4023030932476,1736.138032685745
doc565,1714.8494437834356,12.328860610575248,1727.1783043940109,1731.9931182183989
doc563,1715.4083474544336,9.10723174632244,1724.515579200756,1734.5750994138803
doc564,1719.0003319273953,12.99278629100354,1731.9931182183989,1740.0173296145333
doc566,1727.2565648823272,7.318534531553041,1734.5750994138803,1742.6173196221864
doc570,1736.9560623579378,0.0,1736.9560623579378,1744.1708217282585
doc561,1738.7762256718222,0.0,1738.7762256718222,1749.7383931917957
doc574,1744.3316011513632,0.0,1744.3316011513632,1747.9925630739313
doc571,1745.9482828952641,0.0,1745.9482828952641,1759.0631100662638
doc569,1748.3378688406453,0.0,1748.3378688406453,1759.5813852790354
doc572,1752.9735264420708,0.0,1752.9735264420708,1776.9929554405446
doc578,1753.4179244801726,0.0,1753.4179244801726,1767.9259752583293
doc583,1759.230942792394,0.0,1759.230942792394,1772.9940894962372
doc584,1759.3891074245169,0.19227785451857926,1759.5813852790354,1763.7509123896164
doc587,1763.6403076706092,0.1106047190071422,1763.7509123896164,1771.3413099792292
doc567,1766.1861988682713,1.7397763900580685,1767.9259752583293,1773.7043479881029
doc556,1769.1743425386405,2.166967440588678,1771.3413099792292,1776.7504977975502
doc580,1773.1042329350428,0.0,1773.1042329350428,1784.8222758913485
doc589,1773.9348636833024,0.0,1773.9348636833024,1784.6651638756134
doc573,1776.788077842586,0.0,1776.788077842586,1787.4691686708904
doc515,1777.6622000742746,0.0,1777.6622000742746,1785.5027368210356
doc585,1784.4133343818255,0.2518294937879091,1784.6651638756134,1810.3533691079917
doc545,1785.6182044594761,0.0,1785.6182044594761,1805.5917291455235
doc514,1788.834238018329,0.0,1788.834238018329,1800.7765325172036
doc590,1790.2625835518352,0.0,1790.2625835518352,1804.394307083114
doc588,1791.6031559378775,9.173376579326032,1800.7765325172036,1836.7190355119542
doc597,1792.5369971585087,11.85730992460526,1804.394307083114,1811.7871461789475
doc592,1798.0517806843425,7.539948461180984,1805.5917291455235,1816.7124100305941
doc522,1802.1815569623063,26.946389489519788,1829.1279464518261,1833.5192291804563
doc596,1806.9050786449482,3.448290463043577,1810.3533691079917,1819.8750993216295
doc602,1810.5560625056494,1.2310836732981443,1811.7871461789475,1829.1279464518261
doc599,1813.7781644617735,6.56987916355115,1820.3480436253246,1828.1199717830225
doc603,1815.7452013797888,0.9672086508053326,1816.7124100305941,1820.3480436253246
doc591,1817.9653018052823,1.9097975163472256,1819.8750993216295,1872.800150806581
doc529,1820.406132351457,16.31290316049717,1836.7190355119542,1843.6427255574745
doc594,1821.0867723128556,7.033199470166892,1828.1199717830225,1846.2769971627579
doc544,1826.9129406702798,71.09124634263867,1898.0041870129185,1906.3088320648346
doc549,1826.9397066559363,73.60253274649381,1900.5422394024301,1904.381433289795
doc604,1829.972401396459,3.546827783997287,1833.5192291804563,1844.0380210534952
doc605,1837.290089486045,8.986907676712917,1846.2769971627579,1855.525904069136
doc606,1838.982412270568,5.055608782927266,1844.0380210534952,1854.8529130410118
doc601,1843.4078851407523,0.23484041672213607,1843.6427255574745,1883.9986465661518
doc552,1845.9882562012099,60.320575863624754,1906.3088320648346,1916.1375431659749
doc598,1848.4443429059454,7.0815611631905995,1855.525904069136,1876.8522375890616
doc586,1849.262488237778,8.971508639747071,1858.233996877525,1882.0015175257167
doc488,1854.1459271780907,56.83692838532579,1910.9828555634165,1934.4901923016869
doc610,1854.1893244749347,0.6635885660771237,1854.8529130410118,1858.233996877525
doc609,1858.9180388494372,26.642954134133788,1885.560992983571,1889.0139033827902
doc607,1859.0380835400924,17.814154048969158,1876.8522375890616,1885.560992983571
doc608,1861.1085533259504,11.691597480630662,1872.800150806581,1891.8372220547212
doc611,1866.923236729082,27.276918257065972,1894.200154986148,1898.0041870129185
doc612,1874.302659592645,9.695986973506706,1883.9986465661518,1889.8009614571765
doc576,1876.0038392118063,13.797122245370247,1889.8009614571765,1896.5543130507888
doc614,1879.3440626921401,2.657454833576594,1882.0015175257167,1886.9133939363448
doc593,1879.844268693754,9.16963468903623,1889.0139033827902,1933.427634409988
doc616,1882.590880318266,4.322513618078801,1886.9133939363448,1894.200154986148
doc600,1886.700173521048,5.1370485336731235,1891.8372220547212,1901.4149047036212
doc617,1896.0511944861519,0.5031185646369067,1896.5543130507888,1900.5422394024301
doc595,1901.0341014463186,5.009280932722277,1906.0433823790408,1912.0349125209805
doc618,1901.0550583241668,0.35984637945443865,1901.4149047036212,1906.0433823790408
doc331,1903.2815788200928,8.753333700887652,1912.0349125209805,1917.1690602744736
doc621,1903.722372971379,0.6590603184160955,1904.381433289795,1910.9828555634165
doc249,1905.7301458890288,37.55521074945386,1943.2853566384827,1950.905383617402
doc281,1906.722442270581,27.767750031105834,1934.4901923016869,1953.9193142149747
doc581,1912.204053540952,31.495227211529254,1943.6992807524812,1948.083305438102
doc622,1912.7714607815972,3.3660823843777052,1916.1375431659749,1930.6860700510624
doc625,1917.0520769676834,0.11698330679018909,1917.1690602744736,1927.0498199018532
doc623,1918.2707792055414,8.779040696311768,1927.0498199018532,1943.2853566384827
doc157,1923.2501337928136,27.320130611724153,1950.5702644045377,1956.547686559623
doc627,1928.176701069062,2.509368982000524,1930.6860700510624,1943.6992807524812
doc240,1929.489902428937,21.415481188465037,1950.905383617402,1966.7231178488526
doc624,1932.9329580189258,0.4946763910622849,1933.427634409988,1938.4320408671745
doc180,1936.3826785844833,20.165007975139588,1956.547686559623,1962.9488319730717
doc630,1937.5195114444193,0.9125294227551421,1938.4320408671745,1950.5702644045377
doc121,1942.6013884739552,24.121729374897313,1966.7231178488526,1997.7543214076848
doc634,1944.7070581930057,3.3762472450962377,1948.083305438102,1960.3439890629356
doc615,1949.5295904597247,17.524220060908874,1967.0538105206335,1970.14617899862
doc628,1952.2529467423574,1.6663674726173667,1953.9193142149747,1982.652116783516
doc423,1954.7343007366185,46.40443974093159,2001.13874047755,2015.8993783761084
doc469,1955.7764259549695,14.369753043650462,1970.14617899862,1975.263829150305
doc633,1956.8949627289815,3.44902633395418,1960.3439890629356,1992.0550907704544
doc173,1958.1593714977114,711.5453754894891,2669.7047469872005,2674.220079409685
doc290,1960.0470713801883,713.4285882676104,2673.4756596477987,2681.5256619707407
doc653,1961.266568913773,1.682263059298748,1962.9488319730717,1967.0538105206335
doc497,1968.4520416118744,705.7680377978104,2674.220079409685,2681.8212205879076
doc626,1973.8525440451695,8.79957273834657,1982.652116783516,2046.699668907286
doc641,1974.2248794839973,1.0389496663076443,1975.263829150305,1995.775672205357
doc636,1977.8988411004088,23.069186760874118,2000.968027861283,2037.9390501228918
doc646,1980.3811474849729,11.673943285481528,1992.0550907704544,2000.968027861283
doc379,1981.0066332552076,696.7830325176494,2677.789665772857,2694.8972217505275
doc148,1985.1386049679916,696.3870570027491,2681.5256619707407,2685.035451539539
doc60,1985.16597804929,696.6552425386176,2681.8212205879076,2700.1756136372414
doc648,1991.0581423134997,4.717529891857339,1995.775672205357,2005.4241185306848
doc651,1993.412239045997,4.342082361687744,1997.7543214076848,2001.13874047755
doc650,2002.2762758621657,3.1478426685191607,2005.4241185306848,2025.6382001671657
doc647,2006.1674518483455,19.470748318820142,2025.6382001671657,2052.5682356840066
doc655,2009.000540668191,6.898837707917437,2015.8993783761084,2045.3879639662855
doc657,2012.657215843219,25.281834279672694,2037.9390501228918,2052.407155966047
doc649,2015.01355455829,31.686114348995943,2046.699668907286,2050.8289534855385
doc668,2015.7705498186801,35.05840366685834,2050.8289534855385,2067.466713674976
doc664,2018.10111218982,34.46712349418658,2052.5682356840066,2070.458474581368
doc644,2028.7549471332245,43.59498394208276,2072.3499310753073,2078.0296409421962
doc672,2032.9001949937183,58.94020592337665,2091.840400917095,2108.433679298561
doc652,2034.5533712186595,17.853784747387408,2052.407155966047,2067.8529465062384
doc61,2039.3926068914077,1409.7107656960031,3449.103372587411,3455.727127500796
doc637,2041.0645647121958,78.22850571840195,2119.2930704305977,2125.697057236701
doc671,2043.6279482735063,1.760015692779234,2045.3879639662855,2072.3499310753073
doc670,2049.1053941135187,18.747552392719626,2067.8529465062384,2106.866681358935
doc678,2051.85107166202,18.60740291934826,2070.458474581368,2074.9207699750673
doc679,2054.6504726886083,57.57934483558711,2112.2298175241954,2119.3649637332896
doc675,2062.487717615772,45.94596168278895,2108.433679298561,2115.449241259206
doc682,2064.6668913000904,2.79982237488548,2067.466713674976,2071.5367510277893
doc674,2070.646365027359,0.890386000430226,2071.5367510277893,2100.187939801033
doc686,2074.548738854352,0.37203112071529176,2074.9207699750673,2086.998756619069
doc687,2077.0934965630854,0.9361443791108286,2078.0296409421962,2082.2777233144675
doc683,2078.2735458281886,4.004177486278877,2082.2777233144675,2097.253184798981
doc692,2084.639538498513,2.359218120555852,2086.998756619069,2091.840400917095
doc663,2085.4220500198066,33.942913713482994,2119.3649637332896,2152.5963126779334
doc684,2088.0176368842094,126.00091769692654,2214.018554581136,2234.9874170950484
doc669,2091.5047524244897,176.94793035016346,2268.452682774653,2272.8169800141623
doc665,2091.521162518927,41.29098474353941,2132.8121472624666,2138.503498258144
doc685,2093.6878895388927,172.8551918513581,2266.543081390251,2287.8704314422343
doc693,2095.8984515378497,1.3547332611310594,2097.253184798981,2119.2930704305977
doc698,2098.814824728438,1.3731150725948282,2100.187939801033,2106.6085382720403
doc691,2104.103765594531,2.762915764403715,2106.866681358935,2132.8121472624666
doc702,2106.1414096271415,0.4671286448988212,2106.6085382720403,2112.2298175241954
doc667,2110.7576069978195,159.45146310715018,2270.2090701049697,2286.8130434554355
doc700,2114.3753425780596,1.0738986811461473,2115.449241259206,2134.3108518055906
doc696,2116.278799663546,157.77524328039726,2274.0540429439434,2285.558368584935
doc699,2119.7069210850877,5.990136151613115,2125.697057236701,2145.496608731415
doc530,2124.1188978639875,1329.9105156702176,3454.029413534205,3459.750873142981
doc714,2132.8575486922628,1.45330311332782,2134.3108518055906,2138.6687463934763
doc712,2134.9620799872164,3.5414182709278066,2138.503498258144,2153.3310916032574
doc704,2136.976028571642,1.6927178218343215,2138.6687463934763,2164.9674692849585
doc707,2139.9899484759267,52.42596910368866,2192.4159175796153,2213.6864246744726
doc721,2141.626221833194,3.8703868982211134,2145.496608731415,2150.7805722170738
doc705,2142.964593472518,10.366498130739274,2153.3310916032574,2192.4159175796153
doc726,2148.3209733447284,2.4595988723453956,2150.7805722170738,2157.251115942438
doc716,2151.7269420607295,0.8693706172039128,2152.5963126779334,2170.4742060057783
doc719,2156.8165851367876,0.4345308056504109,2157.251115942438,2181.448987699547
doc720,2162.8487791088064,2.1186901761520858,2164.9674692849585,2192.165277987239
doc717,2166.4632824543214,14.985705245225745,2181.448987699547,2185.534865479068
doc722,2169.7425299989427,0.7316760068356416,2170.4742060057783,2192.194554515464
doc718,2173.038052408608,19.127225578630714,2192.165277987239,2201.852426004239
doc731,2176.1034334177925,9.431432061275245,2185.534865479068,2188.948712405022
doc723,2178.5354128202957,13.659141695168273,2192.194554515464,2199.0581747042233
doc734,2184.761328483513,14.29684622071045,2199.0581747042233,2204.0636442255277
doc730,2187.1632626812775,1.7854497237444775,2188.948712405022,2214.018554581136
doc725,2197.6637661704035,16.328648661969964,2213.9924148323735,2232.3056302845553
doc737,2201.737068231114,0.11535777312519713,2201.852426004239,2213.9924148323735
doc727,2201.9879917882504,2.075652437277313,2204.0636442255277,2242.271810123781
doc738,2208.14380508834,5.542619586132787,2213.6864246744726,2224.6285002785285
doc689,2211.5289180867208,75.96890836406828,2287.497826450789,2317.17304625825
doc743,2215.355687092063,16.949943192492356,2232.3056302845553,2247.746678535197
doc741,2215.6551544030904,8.973345875438099,2224.6285002785285,2236.557072537747
doc745,2220.5657100104904,45.72530027984976,2266.29101029034,2274.0540429439434
doc747,2226.521769000509,10.035303537238178,2236.557072537747,2245.9151850754643
doc742,2233.8089050208964,1.1785120741519677,2234.9874170950484,2263.0332748010105
doc736,2234.361600024528,53.50883141770646,2287.8704314422343,2312.032252292633
doc751,2240.6319847771265,1.6398253466545611,2242.271810123781,2250.023823619766
doc748,2242.533271341965,3.3819137334994593,2245.9151850754643,2256.9192603004644
doc746,2244.797765478278,2.948913056919082,2247.746678535197,2266.543081390251
doc749,2247.0206334909667,3.0031901287993605,2250.023823619766,2265.92464981993
doc758,2252.1930348474557,10.840239953554828,2263.0332748010105,2266.29101029034
doc753,2254.4526529150157,2.4666073854486967,2256.9192603004644,2268.452682774653
doc756,2254.4945675839404,11.43008223598963,2265.92464981993,2270.2090701049697
doc695,2264.319285921636,66.23304816285281,2330.552334084489,2350.5203821951095
doc755,2272.1304305356034,0.6865494785588453,2272.8169800141623,2287.497826450789
doc752,2275.9256886854373,9.632679899497816,2285.558368584935,2294.393788471852
doc765,2286.3315897703956,0.4814536850399236,2286.8130434554355,2293.4144283218106
doc767,2289.5359414005434,4.857847071308697,2294.393788471852,2298.79787397235
doc762,2289.7083195468085,3.7061087750021215,2293.4144283218106,2325.7632912070553
doc639,2294.0940746660253,67.45691996323058,2361.550994629256,2421.6413903545686
doc760,2295.6629593208204,3.1349146515294706,2298.79787397235,2338.0610709887515
doc754,2301.6610669049073,25.311464814241845,2326.972531719149,2338.7224861312434
doc768,2302.519425490158,9.512826802475047,2312.032252292633,2326.972531719149
doc764,2310.295274735233,41.51024728872699,2351.80552202396,2360.595894440526
doc772,2314.9882395947375,2.184806663512518,2317.17304625825,2330.552334084489
doc775,2318.1109956722044,7.652295534850964,2325.7632912070553,2329.0749977588043
doc761,2325.69156863396,34.90432580656625,2360.595894440526,2367.8418629781886
doc757,2328.4575881054043,0.6174096534000455,2329.0749977588043,2358.500551309005
doc766,2330.7249883182344,20.15170218853291,2350.8766905067673,2391.340670537199
doc640,2331.448627582218,106.56150160215884,2438.0101291843766,2454.4747308996634
doc776,2334.207841731029,3.8532292577224325,2338.0610709887515,2351.80552202396
doc778,2335.721287098336,3.001199032907607,2338.7224861312434,2350.8766905067673
doc780,2341.9328943178566,8.587487877252897,2350.5203821951095,2361.550994629256
doc777,2354.794025101821,3.706526207184197,2358.500551309005,2370.1980100771702
doc779,2363.3849202808474,4.456942697341219,2367.8418629781886,2388.6484254833995
doc783,2364.2846210832436,34.483570244802195,2398.7681913280458,2418.968934638527
doc790,2368.5286840464983,64.93962578924811,2433.4683098357464,2438.0101291843766
doc786,2368.8132355446683,1.3847745325019787,2370.1980100771702,2398.7681913280458
doc793,2373.1753274624593,15.473098020940142,2388.6484254833995,2397.577862827286
doc788,2376.8515432497006,14.489127287498377,2391.340670537199,2414.7513223464666
doc794,2380.130834094303,45.44227139280747,2425.5731054871103,2431.0882199607404
doc660,2386.6158660766177,51.68409309801018,2438.299959174628,2463.9197158858333
doc792,2386.9536885153125,10.624174311973547,2397.577862827286,2405.0178739357716
doc715,2394.077363813587,44.41403028721879,2438.491394100806,2445.449141237332
doc796,2399.6433471295895,5.374526806182075,2405.0178739357716,2414.580971191125
doc782,2403.242834833651,66.95958903843211,2470.2024238720833,2483.877821074407
doc800,2406.5719068019835,8.179415544483163,2414.7513223464666,2425.5731054871103
doc798,2409.9384718258943,9.030462812632777,2418.968934638527,2437.933661830422
doc802,2413.8109848116833,0.7699863794418889,2414.580971191125,2418.8578225808656
doc807,2416.713708579596,2.1441140012693722,2418.8578225808656,2428.7686582903834
doc812,2419.830981511183,1.8104088433856305,2421.6413903545686,2425.516841571139
doc814,2421.885028352263,3.631813218876232,2425.516841571139,2433.4683098357464
doc799,2426.5528541182794,2.2158041721040718,2428.7686582903834,2438.491394100806
doc820,2429.6954856878247,1.3927342729157317,2431.0882199607404,2438.299959174628
doc816,2436.209221814752,1.7244400156700976,2437.933661830422,2445.359143718577
doc824,2444.2979128939623,1.0612308246145403,2445.359143718577,2452.385967723149
doc810,2445.384050101255,0.0650911360767168,2445.449141237332,2461.5818665830507
doc811,2448.3423200639577,6.132410835705741,2454.4747308996634,2468.9089350295926
doc808,2451.104179522667,10.477687060383687,2461.5818665830507,2470.2024238720833
doc821,2452.1287218460416,0.2572458771073798,2452.385967723149,2462.6678245917574
doc822,2453.7679288233016,8.899895768455735,2462.6678245917574,2478.61448305475
doc805,2455.95969448082,12.94924054877265,2468.9089350295926,2493.1063832671225
doc791,2458.9032957807162,114.98397437653011,2573.8872701572463,2587.236526811212
doc830,2461.411488259196,2.508227626637108,2463.9197158858333,2468.673054777004
doc819,2464.494570451245,4.178484325758745,2468.673054777004,2489.2183452674176
doc825,2470.4314203896324,8.183062665117632,2478.61448305475,2509.199185200469
doc770,2476.4563277041866,99.95504065346904,2576.4113683576556,2600.3775154442505
doc831,2477.6020742754604,6.275746798946784,2483.877821074407,2500.935225257905
doc839,2481.571172442558,7.647172824859808,2489.2183452674176,2497.7340344191675
doc813,2482.5033469920213,26.69583820844764,2509.199185200469,2512.5435963831787
doc841,2484.1999091960797,8.906474071042794,2493.1063832671225,2503.7913160209755
doc833,2490.0031972114784,22.5403991717003,2512.5435963831787,2524.3881569132486
doc835,2492.807485366894,11.124720985108524,2503.9322063520026,2525.8914247426505
doc845,2495.3722889554833,2.3617454636842012,2497.7340344191675,2503.9322063520026
doc801,2497.8150822512735,16.687656189756126,2514.5027384410296,2519.135551038027
doc843,2500.289525442711,0.645699815194348,2500.935225257905,2514.5027384410296
doc826,2503.235049127423,0.5562668935526744,2503.7913160209755,2558.285592568478
doc673,2503.530707239459,83.70581957175318,2587.236526811212,2590.403752992971
doc818,2510.077690295575,15.813734447075603,2525.8914247426505,2535.0369311817867
doc817,2514.626600755011,38.938414002244826,2553.565014757256,2562.2866693330816
doc851,2518.0358737211723,1.0996773168549225,2519.135551038027,2530.841213147311
doc846,2522.5919921669793,1.796164746269369,2524.3881569132486,2538.2594307465706
doc645,2525.7319460067897,74.64556943746084,2600.3775154442505,2621.45103908123
doc847,2528.1277086102755,2.713504537035533,2530.841213147311,2549.792444382381
doc848,2533.073951917871,1.962979263915713,2535.0369311817867,2553.565014757256
doc858,2535.219385493455,3.04004525311575,2538.2594307465706,2542.4527854107687
doc856,2536.520796902648,5.931988508120867,2542.4527854107687,2551.2514059634873
doc828,2539.8517315722356,11.399674391251665,2551.2514059634873,2597.76935649258
doc834,2545.004061442457,13.281531126021036,2558.285592568478,2562.769252376365
doc832,2547.6365363702535,15.132716006111423,2562.769252376365,2570.261326905445
doc860,2549.1605948713664,0.6318495110144795,2549.792444382381,2558.3470862735244
doc850,2553.7119967202407,4.635089553283706,2558.3470862735244,2573.8872701572463
doc857,2554.2548119237404,36.14894106923066,2590.403752992971,2600.373039733053
doc642,2557.173000581788,82.4856178921782,2639.6586184739663,2646.5451311376246
doc863,2559.766250173818,2.5204191592633833,2562.2866693330816,2568.6046876954274
doc864,2566.7947459830016,1.8099417124258252,2568.6046876954274,2573.244967211247
doc789,2567.135828652609,84.04849505468974,2651.1843237072985,2657.705250193106
doc853,2569.908467389334,0.35285951611103883,2570.261326905445,2607.000193797066
doc865,2570.6321348635124,2.6128323477346385,2573.244967211247,2576.4113683576556
doc809,2590.5366078980724,62.618406276132646,2653.155014174205,2662.765586467272
doc861,2595.261410586112,2.5079459064677394,2597.76935649258,2621.922564457508
doc866,2598.1777667758856,2.1952729571671625,2600.373039733053,2608.0804742041664
doc871,2600.714255239394,7.366218964772543,2608.0804742041664,2612.0315901001613
doc868,2601.297743452352,5.70245034471418,2607.000193797066,2627.31730335396
doc869,2603.4887375874173,24.84752329813773,2628.336260885555,2639.6586184739663
doc870,2609.724156600475,20.949973806641992,2630.674130407117,2646.571791553705
doc867,2610.750125903715,1.28146419644645,2612.0315901001613,2627.6282330141426
doc879,2618.2153050013094,3.707259456198699,2621.922564457508,2628.336260885555
doc876,2620.311481601932,1.1395574792982188,2621.45103908123,2638.3373541502497
doc872,2622.5951352431916,4.722168110768507,2627.31730335396,2653.155014174205
doc881,2627.43584503156,0.19238798258265888,2627.6282330141426,2630.674130407117
doc875,2636.479168973303,1.8581851769467903,2638.3373541502497,2644.1402160667835
doc759,2640.5911359794113,17.114114213694847,2657.705250193106,2669.302190402263
doc884,2643.4083974392365,0.7318186275469998,2644.1402160667835,2654.3720447534624
doc874,2644.1267416345977,2.4450499191075323,2646.571791553705,2669.7047469872005
doc885,2645.589712277601,0.9554188600236557,2646.5451311376246,2651.1843237072985
doc888,2654.2491787350664,0.12286601839605282,2654.3720447534624,2659.1165941274207
doc883,2659.025754001662,0.09084012575885936,2659.1165941274207,2663.3764867103428
doc694,2659.713568123572,3.6629185867709566,2663.3764867103428,2667.9994237090673
doc886,2662.112146274326,0.6534401929461637,2662.765586467272,2680.2152121997938
doc706,2664.400205598871,3.599218110196489,2667.9994237090673,2673.4756596477987
doc709,2668.597433373777,0.7047570284858011,2669.302190402263,2677.789665772857
doc891,2678.9726052207557,1.2426069790381007,2680.2152121997938,2690.0166561233523
doc895,2683.587133374084,1.4483181654550208,2685.035451539539,2701.4409368296756
doc806,2683.985303263323,17.45563356635239,2701.4409368296756,2710.177934573478
doc902,2688.5403265788505,1.476329544501823,2690.0166561233523,2696.3993200331142
doc896,2692.1012498654713,2.795971885056133,2694.8972217505275,2709.89203760649
doc901,2693.801270287963,2.5980497451514566,2696.3993200331142,2701.6719729093193
doc900,2694.877599397511,5.298014239730492,2700.1756136372414,2706.090218559575
doc666,2697.031178284319,9.059040275255938,2706.090218559575,2713.6936076347633
doc836,2700.073752606702,1.598220302617392,2701.6719729093193,2711.691215763008
doc882,2702.734226699669,8.956989063339279,2711.691215763008,2716.5072622912558
doc744,2703.0446264106026,7.133308162875437,2710.177934573478,2730.4692783162727
doc654,2705.4096744563844,8.283933178378902,2713.6936076347633,2737.544754029919
doc889,2707.312572669625,2.5794649368649516,2709.89203760649,2773.607881297606
doc899,2714.479630474404,2.027631816851681,2716.5072622912558,2751.4873947949313
doc785,2717.2463310448657,37.8100561740639,2755.0563872189296,2794.879555193583
doc907,2720.962746706941,28.45114579453457,2749.4138925014754,2755.0563872189296
doc904,2720.9797622662772,16.564991763641956,2737.544754029919,2753.6819018402666
doc877,2724.1855912472524,146.3820981305803,2870.5676893778327,2880.914027045263
doc677,2728.5789180498305,152.33510899543262,2880.914027045263,2892.9385473331417
doc909,2729.4982403240306,0.9710379922421453,2730.4692783162727,2749.4138925014754
doc908,2750.341043141846,1.1463516530852758,2751.4873947949313,2781.620527751676
doc903,2752.223143060377,1.4587587798896493,2753.6819018402666,2809.346525951613
doc918,2756.267875145008,73.5718680408304,2829.8397431858384,2840.2643232261703
doc917,2760.6362244959078,12.971656801698373,2773.607881297606,2795.757518287572
doc913,2761.2602188901706,34.49729939740155,2795.757518287572,2824.230154213793
doc922,2765.529880298232,74.73444292793829,2840.2643232261703,2844.604819825005
doc906,2768.99780991754,77.76678404259837,2846.7645939601384,2853.617281864801
doc920,2769.0735241756583,62.139986128713645,2831.213510304372,2846.7645939601384
doc919,2772.3041332166554,93.99087718636929,2866.2950104030247,2870.5676893778327
doc923,2776.646160878691,4.974366872985229,2781.620527751676,2801.3251956518884
doc924,2785.286047571636,9.593507621947083,2794.879555193583,2811.487362979211
doc855,2786.8444083135355,112.09033168986616,2898.9347400034017,2939.411634936314
doc724,2791.514141079978,155.71994429746337,2947.2340853774413,2960.256458869863
doc927,2797.9353368851826,3.3898587667058564,2801.3251956518884,2820.959536555131
doc708,2799.505950980725,152.17969325472131,2951.6856442354465,2970.9916149583264
doc933,2801.69386082714,7.65266512447306,2809.346525951613,2812.793004007568
doc930,2801.809604466928,9.677758512283162,2811.487362979211,2816.7849517216982
doc929,2804.698298706393,8.094705301175054,2812.793004007568,2829.8245099310925
doc916,2807.9460200646204,72.14334932749034,2880.0893693921107,2923.4525835988175
doc932,2812.2824645343303,11.947689679462655,2824.230154213793,2831.680101840662
doc931,2813.1694826938533,3.615469027844938,2816.7849517216982,2831.213510304372
doc941,2820.1952937703936,0.7642427847372346,2820.959536555131,2829.8397431858384
doc934,2823.0516287925384,34.47413309951344,2857.525761892052,2873.8598500729645
doc935,2823.14650717438,8.533594666281715,2831.680101840662,2854.6596507867907
doc942,2829.246398464567,0.57811146652557,2829.8245099310925,2835.677522845233
doc944,2833.8505715463475,1.826951298885433,2835.677522845233,2845.1769947980424
doc947,2842.063261606202,2.5415582188029475,2844.604819825005,2850.0554368734342
doc946,2844.9308138787073,0.24618091933507458,2845.1769947980424,2857.525761892052
doc940,2845.3594918714257,9.300158915365046,2854.6596507867907,2864.460560252209
doc926,2848.282505516255,1.7729313571794592,2850.0554368734342,2890.7693661823814
doc948,2853.2757786336397,0.3415032311613686,2853.617281864801,2861.0000964976007
doc773,2857.758339902663,102.16967689910189,2959.928016801765,2968.7790960058933
doc954,2860.7072573423407,0.292839155260026,2861.0000964976007,2866.2950104030247
doc951,2862.1755695649636,2.2849906872452266,2864.460560252209,2868.3057499509705
doc949,2866.813628387572,1.4921215633985412,2868.3057499509705,2877.078979866121
doc937,2871.952837072467,1.9070130004974999,2873.8598500729645,2913.5274380702417
doc952,2876.0541707226257,1.0248091434950766,2877.078979866121,2880.0893693921107
doc804,2883.188785362171,80.10485671633705,2963.293642078508,2982.8490237070737
doc635,2883.725597929487,76.53086094037599,2960.256458869863,2963.293642078508
doc959,2886.118280306584,6.820267026557758,2892.9385473331417,2898.9347400034017
doc955,2887.645885855944,3.1234803264374023,2890.7693661823814,2906.050990674293
doc703,2889.895839303549,86.62648658557464,2976.5223258891237,2984.024393399957
doc659,2890.401156070716,80.59045888761057,2970.9916149583264,2978.868743671152
doc950,2893.3045751937457,145.65811105520243,3038.962686248948,3042.7115518014566
doc854,2896.317195495544,120.50377406995813,3016.8209695655023,3034.0528626296486
doc681,2901.1396304442765,141.57192135718014,3042.7115518014566,3051.9997669587246
doc827,2901.995534571393,151.38848474735596,3053.384019318749,3069.129590472527
doc961,2904.657086779898,1.3939038943954074,2906.050990674293,2927.9413056268786
doc963,2906.2228091028055,7.3046289674362015,2913.5274380702417,2920.822073691642
doc962,2909.0181516156135,11.803922076028357,2920.822073691642,2928.2837386219003
doc912,2909.3862828699394,360.0859170010276,3269.472199870967,3275.8983617561785
doc960,2911.6519188839457,16.63181973795463,2928.2837386219003,2951.6856442354465
doc735,2917.191137317314,142.71463384912477,3059.9057711664386,3098.500653502354
doc964,2920.0167227552306,3.435860843586852,2923.4525835988175,2931.0195586367245
doc968,2921.0945300208236,6.846775606054962,2927.9413056268786,2935.8479540008466
doc966,2930.598425574183,0.4211330625416849,2931.0195586367245,2947.2340853774413
doc969,2932.609034472036,3.238919528810584,2935.8479540008466,2940.8799034603485
doc970,2934.898749683445,4.5128852528687275,2939.411634936314,2945.825781947448
doc971,2940.634930362943,0.24497309740536366,2940.8799034603485,2945.312663366986
doc972,2941.866129099613,3.959652847835059,2945.825781947448,2959.6732879551555
doc977,2944.532266389525,0.7803969774608959,2945.312663366986,2951.5467645117633
doc979,2947.942291449905,3.6044730618582435,2951.5467645117633,2956.274071136522
doc965,2949.974666767111,148.61537936278728,3098.5900461298984,3104.7868361840483
doc974,2954.1997547372375,2.074316399284271,2956.274071136522,2959.928016801765
doc980,2956.4268488846715,3.24643907048403,2959.6732879551555,2970.776435966073
doc911,2956.6207440924,319.2776176637785,3275.8983617561785,3279.848596219621
doc656,2961.0054954368843,315.6008115696245,3276.606307006509,3282.895001459134
doc982,2964.006788585787,4.7723074201062445,2968.7790960058933,2976.5223258891237
doc838,2964.1906914930832,312.7709646672233,3276.9616561603066,3281.245064655452
doc975,2968.0069390996823,2.7694968663909094,2970.776435966073,3008.319548326082
doc849,2970.2730411142084,384.6379822953909,3354.9110234095992,3361.592292093969
doc925,2972.99503909267,308.25002556278196,3281.245064655452,3299.9039544486127
doc978,2976.7354703595724,2.1332733115796145,2978.868743671152,3006.9666591561127
doc976,2979.816358739249,4.2080346607076535,2984.024393399957,3014.234406577568
doc973,2980.5964210976717,10.955767880137046,2991.552188977809,3004.6722548523544
doc984,2982.228827618528,0.6201960885455264,2982.8490237070737,2991.552188977809
doc878,2987.197848099644,375.86286284029484,3363.060710939939,3377.8781681784367
doc763,2988.9567616329564,366.87068133407183,3355.827442967028,3360.117066208364
doc988,2991.8080805258182,15.158578630294414,3006.9666591561127,3016.8209695655023
doc986,2994.592105750606,18.69108461960468,3013.283190370211,3018.5759727644395
doc993,2997.4388940634926,10.88065426258936,3008.319548326082,3013.283190370211
doc989,2999.7971384485213,4.87511640383309,3004.6722548523544,3009.1980119087225
doc985,3003.738782841753,5.459229066969328,3009.1980119087225,3031.839767454035
doc987,3012.447239223213,1.787167354355006,3014.234406577568,3033.2433271017244
doc697,3016.9307648172494,343.18630139111474,3360.117066208364,3407.0347909919064
doc991,3018.5635956233314,0.01237714110811794,3018.5759727644395,3035.563535111798
doc998,3020.0094277697144,11.830339684320734,3031.839767454035,3038.962686248948
doc992,3023.5422971743455,9.70102992737884,3033.2433271017244,3056.714896625702
doc990,3028.366912665163,7.196622446635047,3035.563535111798,3042.2779404791645
doc629,3030.2311790334734,338.4839213783771,3368.7151004118505,3371.949725433028
doc1001,3032.0347002927615,317.12838081729296,3349.1630811100545,3355.827442967028
doc1000,3033.886928269829,0.1659343598198575,3034.0528626296486,3047.3618665375902
doc999,3039.6837963446515,2.5941441345130443,3042.2779404791645,3053.384019318749
doc1003,3044.141269193992,3.220597343598456,3047.3618665375902,3052.8941315970837
doc1005,3047.6970130301097,5.197118566974041,3052.8941315970837,3067.491067008408
doc1004,3048.278470292392,3.721296666332819,3051.9997669587246,3059.5491216586984
doc921,3049.9529703687726,327.92519780966404,3377.8781681784367,3402.51612748025
doc890,3053.314382005473,336.888766072268,3390.203148077741,3394.286121601551
doc1010,3053.6721014587447,3.0427951669571485,3056.714896625702,3059.9057711664386
doc1006,3058.328728582513,1.2203930761852462,3059.5491216586984,3070.1975658428714
doc1007,3064.310698773411,9.81029007567031,3074.120988849081,3097.7557614214347
doc1008,3066.0410354585943,1.450031549813957,3067.491067008408,3093.312624012607
doc1015,3068.651479268276,0.4781112042510358,3069.129590472527,3074.120988849081
doc1013,3069.548245561338,0.649320281533619,3070.1975658428714,3083.12322977654
doc1019,3080.3283881954194,2.794841581120636,3083.12322977654,3098.7178833371845
doc1011,3085.1689989996025,13.331654502751462,3098.500653502354,3122.1894786739667
doc1024,3086.3539196616903,6.9587043509168325,3093.312624012607,3098.5900461298984
doc1025,3096.5824736067834,1.173287814651303,3097.7557614214347,3110.8244913368353
doc1021,3098.671765529767,0.04611780741743132,3098.7178833371845,3130.249025415932
doc1027,3102.642290325419,8.18220101141651,3110.8244913368353,3120.6286308606786
doc1017,3103.6765488600604,1.1102873239879045,3104.7868361840483,3142.6441690363527
doc1032,3106.236678245663,15.952800428303817,3122.1894786739667,3128.7228607403117
doc1022,3115.639741561154,13.08311917915762,3128.7228607403117,3134.3211837769704
doc1018,3119.5789858254257,33.94109113067225,3153.520076956098,3166.2193641332774
doc1029,3119.623819989725,1.004810870953861,3120.6286308606786,3145.810254861819
doc1033,3122.1253259583664,31.45795511593724,3153.5832810743036,3160.301955808127
doc1023,3123.845333713579,10.685470761837223,3134.530804475416,3153.520076956098
doc1041,3128.6470555016954,1.6019699142366335,3130.249025415932,3134.530804475416
doc1035,3132.7986524375356,1.5225313394348632,3134.3211837769704,3153.5832810743036
doc1039,3141.4073990853867,1.236769950965936,3142.6441690363527,3153.464789764493
doc1044,3141.868067514033,3.9421873477858753,3145.810254861819,3152.6639754379066
doc1048,3149.540854289654,3.1231211482527215,3152.6639754379066,3161.05662932442
doc1038,3153.066884626921,0.397905137572252,3153.464789764493,3188.3770275257734
doc1046,3155.303230424159,4.998725383967667,3160.301955808127,3182.808900050867
doc1045,3155.7538667049716,13.469300859028408,3169.223167564,3178.892302260201
doc1053,3159.984354312262,1.0722750121581157,3161.05662932442,3169.223167564
doc1052,3160.053430808046,22.755469242821164,3182.808900050867,3187.72012070092
doc1056,3162.7933262207353,3.4260379125421423,3166.2193641332774,3170.5212454572948
doc1020,3162.9337085221177,12.738977485643318,3175.672686007761,3209.3865860482597
doc1040,3166.2981955460505,17.972798471438637,3184.270994017489,3188.6378787426697
doc1051,3167.259617511557,21.3782612311129,3188.6378787426697,3193.962185114291
doc1061,3169.3172936101005,1.2039518471942756,3170.5212454572948,3175.672686007761
doc1050,3176.2341611864426,11.485959514477145,3187.72012070092,3204.9419327115156
doc1062,3177.5922068756963,1.300095384504857,3178.892302260201,3184.270994017489
doc1060,3188.1737253686074,0.2033021571660356,3188.3770275257734,3202.0872836609997
doc1065,3190.7930853016037,3.1690998126873637,3193.962185114291,3199.8187640508995
doc1058,3193.957497970139,5.861266080760743,3199.8187640508995,3223.7846971317203
doc1063,3200.041337031219,2.045946629780701,3202.0872836609997,3205.1593828578884
doc1014,3200.296738380591,9.089847667668892,3209.3865860482597,3217.165742800395
doc1016,3202.987827540605,2.1715553172834916,3205.1593828578884,3224.6498114247056
doc1059,3203.030151190198,1.9117815213176073,3204.9419327115156,3246.5314813695636
doc1028,3206.3596970669246,44.12200746289591,3250.4817045298205,3256.7200551296396
doc1068,3214.1735646114707,2.9921781889242993,3217.165742800395,3238.424592046124
doc1070,3214.4060078431066,22.094630383463482,3236.50063822657,3245.693271623526
doc1073,3217.4040812500575,7.245730174648088,3224.6498114247056,3229.3287212176465
doc1071,3220.03199495058,14.321917381978892,3234.353912332559,3250.4817045298205
doc1072,3223.048798168709,0.7358989630115502,3223.7846971317203,3236.50063822657
doc1067,3225.0322596095198,13.392332436604192,3238.424592046124,3269.225665776038
doc1074,3227.7688356646936,1.5598855529528919,3229.3287212176465,3234.353912332559
doc1069,3230.5943884983626,26.125666631277,3256.7200551296396,3268.8302219928473
doc1054,3233.933384336304,25.87430023737852,3259.8076845736823,3267.129594132516
doc1031,3237.790396599988,31.435269176050042,3269.225665776038,3276.606307006509
doc1037,3239.1999043181013,21.113886502789683,3260.313790820891,3269.472199870967
doc1075,3242.34077185027,3.3524997732561133,3245.693271623526,3255.4014681627787
doc1076,3243.991764940602,2.539716428961583,3246.5314813695636,3260.313790820891
doc1081,3250.7617094064963,4.63975875628239,3255.4014681627787,3259.8076845736823
doc1080,3262.6880175601395,6.142204432707786,3268.8302219928473,3276.9616561603066
doc1085,3265.7554960539283,1.3740980785878492,3267.129594132516,3276.3536922142803
doc1066,3273.570741842858,2.78295037142243,3276.3536922142803,3307.866182908533
doc1078,3277.8347306496726,2.0138655699483934,3279.848596219621,3318.8041147425447
doc1082,3282.8270716919865,0.06792976714768884,3282.895001459134,3290.6012675985903
doc1079,3288.4007626507173,2.2005049478730143,3290.6012675985903,3329.7552517688273
doc1084,3292.531692477589,14.089459619518493,3306.6211520971074,3326.5810162894363
doc1094,3294.2277542253514,9.194256534061424,3303.422010759413,3306.6211520971074
doc1096,3296.377485664781,3.5264687838316604,3299.9039544486127,3303.422010759413
doc1087,3299.427553491306,30.12647622428358,3329.5540297155894,3334.645211665176
doc1091,3302.424880821215,32.22033084396071,3334.645211665176,3339.9669948915316
doc1086,3307.1417401600033,0.724442748529782,3307.866182908533,3329.5540297155894
doc1095,3309.7633965364726,16.817619752963765,3326.5810162894363,3336.4070038136147
doc1090,3311.2973359358507,7.506778806694001,3318.8041147425447,3349.1630811100545
doc1098,3312.250222689054,17.505029079773067,3329.7552517688273,3340.2881632683216
doc1089,3313.9409288471115,22.46607496650313,3336.4070038136147,3344.5680812434252
doc1092,3316.164710564946,23.802284326585777,3339.9669948915316,3363.060710939939
doc1030,3318.833612268529,25.734468974896117,3344.5680812434252,3354.9110234095992
doc1055,3323.3049395839676,58.127330550586066,3381.4322701345536,3385.110783469815
doc1097,3331.2567446298735,30.33554746409527,3361.592292093969,3381.4322701345536
doc1047,3335.056218267813,50.05456520200187,3385.110783469815,3390.203148077741
doc1093,3339.1422737973885,1.1458894709330707,3340.2881632683216,3368.7151004118505
doc1012,3345.155999211728,26.79372622129995,3371.949725433028,3399.7998671498835
doc842,3348.4987291689495,51.30113798093407,3399.7998671498835,3405.9917177593866
doc1099,3353.1485520963242,49.36757538392567,3402.51612748025,3409.369800555772
doc1049,3353.5872772229764,40.69884437857445,3394.286121601551,3408.7697245649356
doc995,3356.978174070453,52.39162648531919,3409.369800555772,3421.053457328799
doc914,3358.8449045384755,48.18988645343097,3407.0347909919064,3412.60444255977
doc910,3361.222782751068,55.86470379968341,3417.0874865507512,3430.568066564571
doc893,3366.861840877191,45.742601682579334,3412.60444255977,3417.0874865507512
doc943,3370.737543730668,35.25417402871835,3405.9917177593866,3439.58733475171
doc750,3373.6532021279095,35.116522437026106,3408.7697245649356,3439.5179507664493
doc1042,3375.977671933425,45.07578539537417,3421.053457328799,3439.887042016733
doc658,3384.5273599883303,55.059974763379614,3439.58733475171,3449.103372587411
doc945,3385.122622416731,45.445444147840135,3430.568066564571,3438.604819634279
doc740,3390.5976353465403,48.00718428773871,3438.604819634279,3457.750919577872
doc771,3393.64235210607,45.87559866037918,3439.5179507664493,3454.029413534205
doc781,3402.286108210262,37.6009338064714,3439.887042016733,3449.6888098445934
doc859,3408.9670425995405,40.72176724505289,3449.6888098445934,3458.386458866118
doc582,3412.3069659477223,45.443953630149736,3457.750919577872,3478.19897312829
doc63,3414.5313148861696,41.19581261462645,3455.727127500796,3488.713620767221
doc577,3416.6431615991764,43.107711543804726,3459.750873142981,3475.7619343372407
doc320,3416.8925182332805,41.49394063283762,3458.386458866118,3474.3992055901945
doc474,3424.1472233611457,50.251982229048735,3474.3992055901945,3486.3730757293547
doc938,3427.902969907306,50.29600322098395,3478.19897312829,3481.65903020922
doc898,3429.2014661063445,46.56046823089628,3475.7619343372407,3479.2267302082164
doc579,3431.5278608678777,50.13116934134223,3481.65903020922,3486.4989636514097
doc936,3436.0191521919814,43.20757801623495,3479.2267302082164,3482.6593986069647
doc897,3436.565510555219,46.09388805174558,3482.6593986069647,3490.2594150772115
doc387,3438.8620976323305,47.63686601907921,3486.4989636514097,3511.379734214512
doc619,3440.938889116166,45.43418661318856,3486.3730757293547,3492.2192003803916
doc149,3446.3470198740224,43.912395203189135,3490.2594150772115,3493.3936096464
doc711,3449.2244043232076,39.48921644401344,3488.713620767221,3494.035168103131
doc1057,3452.580819137644,39.63838124274753,3492.2192003803916,3497.937579009714
doc129,3455.2640849977065,38.77108310542462,3494.035168103131,3504.6800988452655
doc638,3458.4749112847094,39.46266772500485,3497.937579009714,3505.3353738317437
doc631,3460.194911328109,33.19869831829101,3493.3936096464,3502.2097849479132
doc472,3465.0844996394276,37.12528530848567,3502.2097849479132,3506.283352852132
doc325,3466.3926119902476,38.28748685501796,3504.6800988452655,3508.4247378937876
doc797,3469.5448325667435,35.79054126500023,3505.3353738317437,3514.8121026987956
doc1036,3470.909640262846,35.37371258928579,3506.283352852132,3513.465361012636
doc304,3475.2307873068803,36.14894690763185,3511.379734214512,3525.4310931875593
doc47,3475.686890328151,32.73784756563646,3508.4247378937876,3520.4835610474715
doc957,3478.8709088704895,35.94119382830604,3514.8121026987956,3518.4435864621855
doc774,3482.830400101617,30.63496091101888,3513.465361012636,3526.443111956664
doc729,3484.3667014315474,36.11685961592411,3520.4835610474715,3529.5874833476687
doc887,3491.038838268251,34.39225491930847,3525.4310931875593,3536.657385822278
doc436,3496.001621603399,22.441964858786378,3518.4435864621855,3557.234796318072
doc252,3500.665099850184,25.778012106479764,3526.443111956664,3549.8772589854952
doc140,3500.7797314106665,28.807751937002195,3529.5874833476687,3537.257864342625
doc219,3505.462302946672,31.795561395952973,3537.257864342625,3557.785317785346
doc135,3506.337245243309,30.320140578968676,3536.657385822278,3551.0973725224635
doc840,3512.093124925506,37.784134059989356,3549.8772589854952,3563.374959074951
doc994,3513.1851844259345,37.91218809652901,3551.0973725224635,3569.362912244598
doc42,3516.859500686192,40.37529563187991,3557.234796318072,3584.4126005970143
doc404,3518.2168768915876,39.56844089375818,3557.785317785346,3564.3443286075526
doc643,3519.3761453177067,43.998813757244534,3563.374959074951,3580.2758563894804
doc620,3523.3608835248883,44.572539535592114,3567.9334230604804,3575.003469680932
doc690,3525.016372171181,39.32795643637155,3564.3443286075526,3567.9334230604804
doc880,3527.137536375941,53.138320013539214,3580.2758563894804,3597.251536688013
doc250,3530.647587781529,53.76501281548508,3584.4126005970143,3595.3369969426726
doc65,3534.3488259200367,35.014086324561504,3569.362912244598,3595.6271131691324
doc996,3538.18084612317,57.446267045962486,3595.6271131691324,3600.209378639543
doc803,3541.4916471033184,55.75988958469452,3597.251536688013,3612.533318510279
doc892,3544.9616173264194,55.24776131312365,3600.209378639543,3613.1075743900437
doc69,3547.0813186489577,48.255678293714936,3595.3369969426726,3601.224668271856
doc420,3549.8708313863476,63.23674300369612,3613.1075743900437,3622.684313531227
doc362,3555.570497203667,67.11381632756002,3622.684313531227,3627.7991230805505
doc110,3556.0158439859933,45.20882428586265,3601.224668271856,3628.6094176720653
doc548,3558.771526851449,53.761791658830134,3612.533318510279,3630.3350128273796
doc170,3560.0779212105385,14.92554847039355,3575.003469680932,3632.7355518609556
doc406,3567.256833173379,63.07817965400045,3630.3350128273796,3639.1429869879194
doc815,3576.977742515929,50.82138056462145,3627.7991230805505,3647.067036069474
doc408,3583.8347934072935,55.30819358062581,3639.1429869879194,3650.5666780205393
doc823,3586.0838630520357,60.983173017438276,3647.067036069474,3655.420275317883
doc486,3593.1638540896893,35.44556358237605,3628.6094176720653,3655.513849832846
doc95,3598.7347654958794,34.00078636507624,3632.7355518609556,3663.072180643146
doc981,3603.7789439431954,51.641331374687525,3655.420275317883,3658.7331431189455
doc271,3607.440487098676,43.126190921863326,3650.5666780205393,3660.7446287319403
doc317,3610.7751875538193,47.95795556512621,3658.7331431189455,3665.7102586152096
doc559,3611.3706013848564,44.14324844798966,3655.513849832846,3663.7246649059475
doc509,3615.238818156311,47.833362486835085,3663.072180643146,3666.196238903514
doc905,3616.944481600925,48.765777014284595,3665.7102586152096,3677.2188570331123
doc680,3617.4402167158964,43.3044120160439,3660.7446287319403,3687.1419895959243
doc997,3622.236907058599,43.959331844914686,3666.196238903514,3674.4279996629025
doc532,3624.175833926509,50.252165736393636,3674.4279996629025,3687.443352126137
doc1026,3624.9332385336415,38.79142637230598,3663.7246649059475,3696.75835513936
doc457,3627.0633030645304,60.38004906160677,3687.443352126137,3698.184884994298
doc560,3629.680687764414,47.53816926869831,3677.2188570331123,3694.0145547899833
doc437,3634.555076894474,52.586912701450274,3687.1419895959243,3705.31702616216
doc613,3641.6758958114583,65.29895356473708,3706.9748493761954,3710.019088874397
doc1083,3646.215219339615,50.54313579974496,3696.75835513936,3717.7283051198597
doc146,3646.4588676664016,47.55568712358172,3694.0145547899833,3706.9748493761954
doc661,3650.441448639978,47.74343635432024,3698.184884994298,3723.544657665166
doc1002,3654.1931742520796,69.3514834130865,3723.544657665166,3727.4351776537696
doc33,3675.6199954507606,29.697030711399293,3705.31702616216,3745.6620216223473
doc784,3676.913456706354,33.10563216804303,3710.019088874397,3743.0294009560876
doc787,3685.722820740042,32.00548437981752,3717.7283051198597,3748.8393342165314
doc510,3696.468550389984,52.37078382654727,3748.8393342165314,3755.7562715067547
doc233,3697.0810628912814,30.35411476248828,3727.4351776537696,3757.195396023127
doc676,3702.735850356823,42.92617126552432,3745.6620216223473,3761.38969917805
doc795,3707.099004862668,35.930396093419404,3743.0294009560876,3766.6951836338144
doc224,3710.0898619547725,47.1055340683547,3757.195396023127,3763.751340168388
doc837,3712.5643898658054,43.191881640949305,3755.7562715067547,3765.913491782468
doc336,3713.1270996263465,48.26259955170326,3761.38969917805,3774.9215538561475
doc377,3715.636409414855,50.277082367613275,3765.913491782468,3769.14587316107
doc150,3716.108213002485,47.643127165903024,3763.751340168388,3773.6506031491936
doc190,3719.5949298292344,49.5509433318357,3769.14587316107,3775.9306593095785
doc20,3720.617450848128,46.077732785686294,3766.6951836338144,3782.8038282285293
doc326,3723.9605054481026,50.96104840804492,3774.9215538561475,3787.5453786140315
doc442,3723.9680578485245,49.68254530066906,3773.6506031491936,3789.383337596251
doc1034,3726.9326984660634,48.9979608435151,3775.9306593095785,3780.7021123254203
doc34,3730.7929512047854,52.01087702374389,3782.8038282285293,3785.9050838517564
doc1009,3732.1083360684047,48.593776257015634,3780.7021123254203,3790.345988600352
doc503,3735.9523589891523,49.9527248626041,3785.9050838517564,3789.53259919729
doc323,3739.311649945011,48.233728669020365,3787.5453786140315,3793.0845815751463
doc894,3740.571848192297,48.811489403954056,3789.383337596251,3794.6277858362027
doc701,3745.830263794707,44.51572480564482,3790.345988600352,3797.5397248328863
doc1088,3746.4614219399473,43.0711772573427,3789.53259919729,3804.0598001166536
doc728,3749.460735575843,45.1670502603597,3794.6277858362027,3802.3759355558973
doc575,3751.587439608608,49.27821312291189,3800.8656527315197,3812.271999833618
doc390,3753.1716620396382,44.3680627932481,3797.5397248328863,3800.8656527315197
doc473,3753.952657284245,48.42327827165218,3802.3759355558973,3806.4461307729707
doc732,3759.4767942537583,46.96933651921245,3806.4461307729707,3810.759732682059
doc88,3760.1270827046837,43.93271741196986,3804.0598001166536,3807.395609962871
doc713,3768.200161221314,39.1954487415569,3807.395609962871,3813.436898288728
doc733,3772.6559626208523,39.616037212765605,3812.271999833618,3823.1067218010135
doc967,3776.1188812416895,34.640851440369715,3810.759732682059,3815.15490682597
doc958,3778.5593740253576,14.525207549788774,3793.0845815751463,3847.9355793973623
doc29,3778.576246517304,34.86065177142427,3813.436898288728,3826.8064511927037
doc939,3780.9506258390975,34.20428098687262,3815.15490682597,3824.1625320476683
doc87,3787.0236433496752,36.083078451338224,3823.1067218010135,3843.8301808919136
doc688,3790.7459054870374,33.4166265606309,3824.1625320476683,3830.0136609863166
doc485,3794.2522148622434,35.761446124073245,3830.0136609863166,3836.025292380481
doc915,3796.5532623997533,30.25318879295037,3826.8064511927037,3831.954212359321
doc710,3797.542308773662,34.41190358565882,3831.954212359321,3860.845312260768
doc829,3800.268993029606,44.30052071015052,3844.5695137397565,3848.798101245432
doc344,3806.3947705866003,29.63052179388069,3836.025292380481,3844.5695137397565
doc632,3807.196703845787,40.73887555157535,3847.9355793973623,3854.1629193053027
doc739,3815.1634836501216,28.666697241792008,3843.8301808919136,3877.3834899132644
doc272,3820.7810467511144,28.017054494317563,3848.798101245432,3855.4019195617857
doc983,3822.0618894232953,32.101029882007424,3854.1629193053027,3861.984362353615
doc1077,3823.0203868709295,32.38153269085615,3855.4019195617857,3860.3205509159375
doc953,3828.546955342267,32.29835691850076,3860.845312260768,3864.163481577741
doc1064,3832.9184552770535,29.065907076561416,3861.984362353615,3887.4257134920967
doc873,3839.082505406013,21.238045509924632,3860.3205509159375,3872.973626900088
doc459,3842.1408629929456,27.809725055883973,3869.9505880488296,3874.234447985123
doc433,3844.327245632961,19.836235944780128,3864.163481577741,3869.9505880488296
doc447,3845.591350643819,27.38227625626905,3872.973626900088,3883.427393096317
doc862,3850.62013820109,23.61430978403314,3874.234447985123,3895.676320681091
doc852,3855.2841084469774,22.099381466287014,3877.3834899132644,3902.535940237543
doc41,3856.672102982667,26.755290113649608,3883.427393096317,3893.505950115697
doc424,3862.868571099882,30.040418162332116,3892.908989262214,3898.7351933254777
doc543,3863.3584385172685,24.06727497482825,3887.4257134920967,3892.908989262214
doc568,3864.8870615329797,28.618888582717318,3893.505950115697,3920.7945635089095
doc1043,3865.618780354442,30.057540326648905,3895.676320681091,3903.4288133952978
doc956,3869.0385883969147,33.4973518406282,3902.535940237543,3928.886981990598
doc196,3873.4045617203155,25.330631605162125,3898.7351933254777,3914.082031229568
doc489,3879.3594745475584,24.069338847739346,3903.4288133952978,3932.084504376038
doc928,3883.7447626972016,30.33726853236658,3914.082031229568,3917.891485695254
doc844,3888.1538630936584,29.737622601595376,3917.891485695254,3921.088255953036
doc769,3893.8998518119843,27.188404141051706,3921.088255953036,3927.3498588159778
doc662,3893.9794314521946,26.8151320567149,3920.7945635089095,3930.344222952012
