time,users,queue
4.76408101250547,1.0,0.0
12.358510838917184,2.0,0.0
16.941272514710363,3.0,0.0
20.016022678459827,2.0,0.0
20.187638001444295,3.0,0.0
20.71718967878523,4.0,0.0
22.1742723090967,3.0,0.0
22.744126815356942,4.0,0.0
23.680026625196945,4.0,1.0
24.380214214052017,3.0,1.0
24.380214214052017,4.0,0.0
27.49369781236127,3.0,0.0
27.9094204745605,4.0,0.0
28.188852888938488,3.0,0.0
29.21326313394691,4.0,0.0
29.750598400047352,3.0,0.0
31.52613752009041,4.0,0.0
33.74698365645982,3.0,0.0
35.3408209902735,2.0,0.0
35.36932151126955,1.0,0.0
36.958119844427706,0.0,0.0
38.17275486861277,1.0,0.0
40.141758422747834,2.0,0.0
40.23411272219869,3.0,0.0
42.99374814819972,4.0,0.0
45.274429291757805,4.0,1.0
46.45516201629361,4.0,2.0
51.725317533530216,3.0,2.0
51.725317533530216,4.0,1.0
54.470308382715174,4.0,2.0
56.0588580644865,3.0,2.0
56.0588580644865,4.0,1.0
57.44227913558961,4.0,2.0
57.45163826987863,4.0,3.0
61.23599499493578,4.0,4.0
68.38170026287919,3.0,4.0
68.38170026287919,4.0,3.0
72.58790133649461,4.0,4.0
73.77242548341596,3.0,4.0
73.77242548341596,4.0,3.0
75.7237042356102,4.0,4.0
75.84412157559765,3.0,4.0
75.84412157559765,4.0,3.0
75.86406963130219,4.0,4.0
77.95922832940342,4.0,5.0
84.04918820381013,3.0,5.0
84.04918820381013,4.0,4.0
86.59241138864719,4.0,5.0
89.88146292318918,4.0,6.0
90.21716815895506,3.0,6.0
90.21716815895506,4.0,5.0
92.18777466782404,4.0,6.0
93.35880173554871,4.0,7.0
95.62305661513447,4.0,8.0
96.37013141392768,4.0,9.0
102.41545712928702,3.0,9.0
102.41545712928702,4.0,8.0
106.9568199783827,4.0,9.0
107.16535889199757,4.0,10.0
107.39028836180661,3.0,10.0
107.39028836180661,4.0,9.0
108.33830919130153,3.0,9.0
108.33830919130153,4.0,8.0
109.32112142732005,4.0,9.0
110.12532003368318,4.0,10.0
116.18808105043172,4.0,11.0
118.50446894434029,4.0,12.0
119.97341903733658,4.0,13.0
121.44163175925866,4.0,14.0
123.94807685536593,4.0,15.0
123.96783521811469,4.0,16.0
124.62206730358807,3.0,16.0
124.62206730358807,4.0,15.0
127.27377543099888,4.0,16.0
129.3888321643413,4.0,17.0
131.76226762254848,4.0,18.0
136.04007881322457,4.0,19.0
136.48168128054294,3.0,19.0
136.48168128054294,4.0,18.0
137.1751939693267,3.0,18.0
137.1751939693267,4.0,17.0
139.0903075649572,4.0,18.0
140.50887576073666,3.0,18.0
140.50887576073666,4.0,17.0
141.10480895520666,4.0,18.0
143.3316742674556,4.0,19.0
144.73774268491022,3.0,19.0
144.73774268491022,4.0,18.0
144.80997140620937,3.0,18.0
144.80997140620937,4.0,17.0
145.99607088888888,4.0,18.0
147.49676096872878,4.0,19.0
149.39058530387993,4.0,20.0
154.69832177403168,4.0,21.0
155.20620967677252,4.0,22.0
156.03372473170376,3.0,22.0
156.03372473170376,4.0,21.0
159.92371068948566,3.0,21.0
159.92371068948566,4.0,20.0
160.49781983257117,4.0,21.0
160.70818410847625,4.0,22.0
162.79077487524867,3.0,22.0
162.79077487524867,4.0,21.0
164.40738687804264,4.0,22.0
166.24827877992885,4.0,23.0
168.0236076425066,4.0,24.0
170.81874179883744,3.0,24.0
170.81874179883744,4.0,23.0
172.2788547495074,4.0,24.0
175.75358405258982,4.0,25.0
177.48573065328506,4.0,26.0
179.5860154737718,3.0,26.0
179.5860154737718,4.0,25.0
180.00003066416616,4.0,26.0
180.1658703895458,3.0,26.0
180.1658703895458,4.0,25.0
180.33488472222825,3.0,25.0
180.33488472222825,4.0,24.0
185.92936177508952,3.0,24.0
185.92936177508952,4.0,23.0
187.23579263023356,3.0,23.0
187.23579263023356,4.0,22.0
188.40155725560228,4.0,23.0
192.50064839302564,4.0,24.0
192.71896112680813,3.0,24.0
192.71896112680813,4.0,23.0
193.5598073346373,4.0,24.0
193.82622538811,3.0,24.0
193.82622538811,4.0,23.0
195.00579502852548,3.0,23.0
195.00579502852548,4.0,22.0
195.79020535918215,4.0,23.0
198.94302463254692,4.0,24.0
199.05692794967882,4.0,25.0
202.4602841342031,3.0,25.0
202.4602841342031,4.0,24.0
202.66910558977534,3.0,24.0
202.66910558977534,4.0,23.0
203.23850564526504,4.0,24.0
204.79808570574835,4.0,25.0
204.94743809208586,3.0,25.0
204.94743809208586,4.0,24.0
207.78099910230526,4.0,25.0
208.04966962804895,3.0,25.0
208.04966962804895,4.0,24.0
208.83767427961195,3.0,24.0
208.83767427961195,4.0,23.0
210.41877681557733,4.0,24.0
211.03580979999762,4.0,25.0
211.25586906187812,3.0,25.0
211.25586906187812,4.0,24.0
211.85066206526807,3.0,24.0
211.85066206526807,4.0,23.0
215.5933651592899,4.0,24.0
216.8910105569104,3.0,24.0
216.8910105569104,4.0,23.0
217.54386787446737,4.0,24.0
217.7281700836347,4.0,25.0
217.9051690723792,3.0,25.0
217.9051690723792,4.0,24.0
219.90516755957205,3.0,24.0
219.90516755957205,4.0,23.0
220.32615900386114,4.0,24.0
220.81050580022895,4.0,25.0
221.28221774045716,3.0,25.0
221.28221774045716,4.0,24.0
222.51384878884156,4.0,25.0
229.11573226193005,3.0,25.0
229.11573226193005,4.0,24.0
232.76510531445192,3.0,24.0
232.76510531445192,4.0,23.0
233.79994572046445,3.0,23.0
233.79994572046445,4.0,22.0
233.99325366634315,3.0,22.0
233.99325366634315,4.0,21.0
234.04878868676528,4.0,22.0
238.44117834931808,3.0,22.0
238.44117834931808,4.0,21.0
242.5891240133806,4.0,22.0
245.5716861261195,3.0,22.0
245.5716861261195,4.0,21.0
249.10595841226606,4.0,22.0
249.8142332353467,4.0,23.0
253.20528759524043,3.0,23.0
253.20528759524043,4.0,22.0
255.09840769348077,4.0,23.0
259.0034747768584,4.0,24.0
262.15784400863214,4.0,25.0
262.8514159091602,4.0,26.0
263.3381781215676,3.0,26.0
263.3381781215676,4.0,25.0
266.29796428777263,3.0,25.0
266.29796428777263,4.0,24.0
268.55355795193765,3.0,24.0
268.55355795193765,4.0,23.0
268.67575137441145,4.0,24.0
269.53335051056234,4.0,25.0
272.909061425221,4.0,26.0
273.9912596576345,3.0,26.0
273.9912596576345,4.0,25.0
277.36507524114415,3.0,25.0
277.36507524114415,4.0,24.0
277.5749224346727,4.0,25.0
277.8453679519652,3.0,25.0
277.8453679519652,4.0,24.0
280.1185265002426,4.0,25.0
282.5324957185206,4.0,26.0
283.00536544840855,4.0,27.0
285.1335075495812,4.0,28.0
286.9016040663126,4.0,29.0
288.87983612572896,4.0,30.0
291.4425968252077,3.0,30.0
291.4425968252077,4.0,29.0
291.9698636800758,4.0,30.0
293.2642141451734,4.0,31.0
294.15530275352717,4.0,32.0
295.2959440092695,4.0,33.0
295.95001291404526,3.0,33.0
295.95001291404526,4.0,32.0
296.8850474238092,4.0,33.0
298.8713409948241,4.0,34.0
299.1506740074451,4.0,35.0
302.98171482625196,3.0,35.0
302.98171482625196,4.0,34.0
305.4948398382969,3.0,34.0
305.4948398382969,4.0,33.0
306.8885589034276,4.0,34.0
307.06512913785474,4.0,35.0
309.2217950882503,4.0,36.0
309.72968688321265,3.0,36.0
309.72968688321265,4.0,35.0
309.8893542892092,4.0,36.0
311.07081668814146,3.0,36.0
311.07081668814146,4.0,35.0
312.8061474800653,3.0,35.0
312.8061474800653,4.0,34.0
313.2413385218811,4.0,35.0
315.60094180073276,4.0,36.0
317.61895543132255,3.0,36.0
317.61895543132255,4.0,35.0
317.86348726903236,4.0,36.0
321.5929438506144,4.0,37.0
323.66299766816746,4.0,38.0
328.0697960002118,3.0,38.0
328.0697960002118,4.0,37.0
328.4075763310677,3.0,37.0
328.4075763310677,4.0,36.0
329.1155221036582,3.0,36.0
329.1155221036582,4.0,35.0
332.3267601860324,4.0,36.0
334.12271452318987,3.0,36.0
334.12271452318987,4.0,35.0
336.05631332548256,3.0,35.0
336.05631332548256,4.0,34.0
339.57418990212886,4.0,35.0
340.8876124127067,3.0,35.0
340.8876124127067,4.0,34.0
340.9806531823062,4.0,35.0
343.270586544704,4.0,36.0
345.01462620622937,3.0,36.0
345.01462620622937,4.0,35.0
345.0897139811075,3.0,35.0
345.0897139811075,4.0,34.0
345.78389563454886,4.0,35.0
345.94541251906656,4.0,36.0
347.17480946850105,3.0,36.0
347.17480946850105,4.0,35.0
348.37041483730496,3.0,35.0
348.37041483730496,4.0,34.0
348.6845966248728,4.0,35.0
350.9685092879066,3.0,35.0
350.9685092879066,4.0,34.0
353.62574170077204,4.0,35.0
354.2886586563359,3.0,35.0
354.2886586563359,4.0,34.0
355.8734496413882,4.0,35.0
357.09261567289803,3.0,35.0
357.09261567289803,4.0,34.0
358.01986830617113,4.0,35.0
358.3666339906921,3.0,35.0
358.3666339906921,4.0,34.0
360.6332011783195,3.0,34.0
360.6332011783195,4.0,33.0
361.4896499296137,4.0,34.0
362.4989599134275,3.0,34.0
362.4989599134275,4.0,33.0
365.52540228240025,4.0,34.0
367.70263414419844,4.0,35.0
370.76653636167384,4.0,36.0
370.81838330023515,3.0,36.0
370.81838330023515,4.0,35.0
371.1910132576196,3.0,35.0
371.1910132576196,4.0,34.0
374.29249786296833,4.0,35.0
376.5607466548454,4.0,36.0
377.1909105473613,3.0,36.0
377.1909105473613,4.0,35.0
379.2613553606814,4.0,36.0
380.383476711694,4.0,37.0
380.7699804887392,3.0,37.0
380.7699804887392,4.0,36.0
382.01417658868706,4.0,37.0
384.20910297876935,3.0,37.0
384.20910297876935,4.0,36.0
386.8030701169866,4.0,37.0
386.94285480097994,3.0,37.0
386.94285480097994,4.0,36.0
387.22423420033743,3.0,36.0
387.22423420033743,4.0,35.0
391.59223536886276,4.0,36.0
394.6998448439108,3.0,36.0
394.6998448439108,4.0,35.0
399.25845110552495,4.0,36.0
400.3844153913599,3.0,36.0
400.3844153913599,4.0,35.0
400.61556144437196,4.0,36.0
402.2664785197926,4.0,37.0
403.2888564389428,4.0,38.0
405.2799616416864,4.0,39.0
407.60750704543284,3.0,39.0
407.60750704543284,4.0,38.0
410.10437137097773,4.0,39.0
411.415248491891,3.0,39.0
411.415248491891,4.0,38.0
411.6202301608534,3.0,38.0
411.6202301608534,4.0,37.0
413.7022951700914,4.0,38.0
414.36079349601795,4.0,39.0
418.0497338302776,4.0,40.0
419.02234245349456,4.0,41.0
420.77021213576216,4.0,42.0
420.82965407241807,3.0,42.0
420.82965407241807,4.0,41.0
422.1301265028414,3.0,41.0
422.1301265028414,4.0,40.0
423.39426736892943,4.0,41.0
423.69727423658156,4.0,42.0
428.0592936942023,4.0,43.0
428.1898092885453,4.0,44.0
431.2801570220212,4.0,45.0
432.8336899325137,4.0,46.0
433.5722478541437,4.0,47.0
438.4323219383838,4.0,48.0
439.49438584454145,4.0,49.0
440.6843564413907,4.0,50.0
441.4449466056357,3.0,50.0
441.4449466056357,4.0,49.0
442.15970727535114,3.0,49.0
442.15970727535114,4.0,48.0
442.58409055093296,3.0,48.0
442.58409055093296,4.0,47.0
443.38053211005234,4.0,48.0
447.0862932734838,4.0,49.0
447.3210619633537,4.0,50.0
449.6833133464874,4.0,51.0
450.735409673023,3.0,51.0
450.735409673023,4.0,50.0
453.7248698210835,3.0,50.0
453.7248698210835,4.0,49.0
454.3087606742962,4.0,50.0
456.37453792475844,3.0,50.0
456.37453792475844,4.0,49.0
457.57720440387874,3.0,49.0
457.57720440387874,4.0,48.0
461.3839624694286,4.0,49.0
462.9197661381278,3.0,49.0
462.9197661381278,4.0,48.0
462.96395008357104,3.0,48.0
462.96395008357104,4.0,47.0
466.4049196637048,4.0,48.0
466.4985311051096,3.0,48.0
466.4985311051096,4.0,47.0
470.5990127328132,4.0,48.0
471.16379435117767,3.0,48.0
471.16379435117767,4.0,47.0
471.34876511658223,3.0,47.0
471.34876511658223,4.0,46.0
471.9051156564245,3.0,46.0
471.9051156564245,4.0,45.0
476.1552484692979,3.0,45.0
476.1552484692979,4.0,44.0
480.619961273175,4.0,45.0
480.8566373487909,4.0,46.0
482.72538955061793,3.0,46.0
482.72538955061793,4.0,45.0
484.8341536787498,4.0,46.0
485.13078986452024,4.0,47.0
485.3613475910735,3.0,47.0
485.3613475910735,4.0,46.0
487.1621453498122,4.0,47.0
489.0262057454422,3.0,47.0
489.0262057454422,4.0,46.0
489.06220697048025,4.0,47.0
489.48583146832357,4.0,48.0
492.72970378156265,4.0,49.0
492.91054679296764,3.0,49.0
492.91054679296764,4.0,48.0
493.26966748216864,3.0,48.0
493.26966748216864,4.0,47.0
495.06031322617287,4.0,48.0
496.3291826091448,4.0,49.0
496.80208162121335,3.0,49.0
496.80208162121335,4.0,48.0
496.93544437513833,3.0,48.0
496.93544437513833,4.0,47.0
498.3309479242502,4.0,48.0
500.3692812802558,4.0,49.0
500.82103106344215,4.0,50.0
501.3567116993604,3.0,50.0
501.3567116993604,4.0,49.0
502.45187628569795,4.0,50.0
503.5686995630955,3.0,50.0
503.5686995630955,4.0,49.0
503.57274968582857,4.0,50.0
505.25951138327173,3.0,50.0
505.25951138327173,4.0,49.0
507.3911817081373,4.0,50.0
511.2555198191623,3.0,50.0
511.2555198191623,4.0,49.0
512.6097677377043,4.0,50.0
515.9834035264195,3.0,50.0
515.9834035264195,4.0,49.0
518.1195306864624,3.0,49.0
518.1195306864624,4.0,48.0
518.8949679460959,4.0,49.0
520.8711319187705,3.0,49.0
520.8711319187705,4.0,48.0
521.2632624984203,3.0,48.0
521.2632624984203,4.0,47.0
525.2001101304237,4.0,48.0
529.9073230342564,3.0,48.0
529.9073230342564,4.0,47.0
530.3065979977279,4.0,48.0
530.540524575753,3.0,48.0
530.540524575753,4.0,47.0
533.4922155176187,4.0,48.0
535.6202676795193,3.0,48.0
535.6202676795193,4.0,47.0
540.4608824576361,3.0,47.0
540.4608824576361,4.0,46.0
542.1592337651679,3.0,46.0
542.1592337651679,4.0,45.0
542.1992580397539,4.0,46.0
542.7484554494321,4.0,47.0
544.3314907794705,4.0,48.0
545.6454807902762,3.0,48.0
545.6454807902762,4.0,47.0
546.7398232077383,4.0,48.0
546.7893582989041,4.0,49.0
549.8874574207691,3.0,49.0
549.8874574207691,4.0,48.0
550.2189829232364,4.0,49.0
552.4336893830693,4.0,50.0
552.7560353609786,4.0,51.0
555.2695806333745,3.0,51.0
555.2695806333745,4.0,50.0
556.7177262538763,4.0,51.0
556.8740654089926,3.0,51.0
556.8740654089926,4.0,50.0
557.0199894885242,3.0,50.0
557.0199894885242,4.0,49.0
557.2813281541388,4.0,50.0
559.9757465758565,4.0,51.0
561.3013833804614,3.0,51.0
561.3013833804614,4.0,50.0
562.2110850984197,4.0,51.0
566.0409920648934,4.0,52.0
569.374020231678,4.0,53.0
571.2240358692948,3.0,53.0
571.2240358692948,4.0,52.0
574.2598275415445,4.0,53.0
575.9915103486954,4.0,54.0
577.1500169219823,3.0,54.0
577.1500169219823,4.0,53.0
577.426674990211,4.0,54.0
580.2642667724251,4.0,55.0
580.8416030779728,4.0,56.0
582.2447365926416,3.0,56.0
582.2447365926416,4.0,55.0
584.0415156021107,3.0,55.0
584.0415156021107,4.0,54.0
584.6751336423588,4.0,55.0
585.3621420897963,3.0,55.0
585.3621420897963,4.0,54.0
585.8480696039852,4.0,55.0
590.1453346837121,4.0,56.0
590.668008751962,4.0,57.0
591.1895988341375,3.0,57.0
591.1895988341375,4.0,56.0
592.6336158521124,4.0,57.0
592.73572080449,3.0,57.0
592.73572080449,4.0,56.0
596.381851405736,4.0,57.0
600.0111450539308,4.0,58.0
600.3147593644344,3.0,58.0
600.3147593644344,4.0,57.0
604.262251726937,4.0,58.0
604.6544369282972,3.0,58.0
604.6544369282972,4.0,57.0
604.713788542972,3.0,57.0
604.713788542972,4.0,56.0
604.9377097178142,4.0,57.0
604.9927103955953,3.0,57.0
604.9927103955953,4.0,56.0
608.5478668388863,3.0,56.0
608.5478668388863,4.0,55.0
609.0231670228633,3.0,55.0
609.0231670228633,4.0,54.0
610.6721232232348,3.0,54.0
610.6721232232348,4.0,53.0
612.1800622120925,4.0,54.0
612.6648099307141,3.0,54.0
612.6648099307141,4.0,53.0
613.5928702786845,4.0,54.0
614.7966437891913,4.0,55.0
620.7176111736846,4.0,56.0
621.7914658978192,3.0,56.0
621.7914658978192,4.0,55.0
624.1861228847902,3.0,55.0
624.1861228847902,4.0,54.0
626.788653016693,4.0,55.0
627.062888228906,4.0,56.0
629.3205176172903,4.0,57.0
629.5842405218793,3.0,57.0
629.5842405218793,4.0,56.0
631.4109591652876,4.0,57.0
632.8297595766185,3.0,57.0
632.8297595766185,4.0,56.0
633.6046931394031,4.0,57.0
635.8060655205263,4.0,58.0
637.5307049022476,3.0,58.0
637.5307049022476,4.0,57.0
638.0950652213708,3.0,57.0
638.0950652213708,4.0,56.0
638.4923788570021,4.0,57.0
639.5768950497486,4.0,58.0
641.2621749036338,4.0,59.0
644.3191330663241,3.0,59.0
644.3191330663241,4.0,58.0
644.9818836788443,4.0,59.0
645.4048185756479,3.0,59.0
645.4048185756479,4.0,58.0
646.4409518876397,4.0,59.0
648.1715590874034,4.0,60.0
650.3495189898907,4.0,61.0
650.6462222344938,4.0,62.0
654.0202678377858,3.0,62.0
654.0202678377858,4.0,61.0
655.2066337561522,4.0,62.0
656.7575078877222,4.0,63.0
660.0494570893454,3.0,63.0
660.0494570893454,4.0,62.0
660.7984295483063,4.0,63.0
662.0977240425294,3.0,63.0
662.0977240425294,4.0,62.0
663.8892490372623,3.0,62.0
663.8892490372623,4.0,61.0
667.0441537987662,4.0,62.0
669.0725786698471,4.0,63.0
669.8015391243222,3.0,63.0
669.8015391243222,4.0,62.0
671.4363880843566,4.0,63.0
673.674662084946,4.0,64.0
675.6104061803716,4.0,65.0
675.8096062666401,3.0,65.0
675.8096062666401,4.0,64.0
677.0268178860022,3.0,64.0
677.0268178860022,4.0,63.0
677.2696203317644,3.0,63.0
677.2696203317644,4.0,62.0
678.7669161422248,4.0,63.0
679.1494615786185,3.0,63.0
679.1494615786185,4.0,62.0
680.9599527798067,3.0,62.0
680.9599527798067,4.0,61.0
683.7940034780265,4.0,62.0
683.936860683713,3.0,62.0
683.936860683713,4.0,61.0
685.2869246777021,4.0,62.0
686.6839384846724,3.0,62.0
686.6839384846724,4.0,61.0
689.2962973650195,3.0,61.0
689.2962973650195,4.0,60.0
693.5216263845441,4.0,61.0
693.7670717950966,4.0,62.0
696.3618667270852,3.0,62.0
696.3618667270852,4.0,61.0
698.3595909303813,4.0,62.0
699.2572477497416,4.0,63.0
699.2984225628919,3.0,63.0
699.2984225628919,4.0,62.0
704.2818752907525,4.0,63.0
706.5114839419882,3.0,63.0
706.5114839419882,4.0,62.0
706.7871351250715,4.0,63.0
709.9747426010211,4.0,64.0
710.7776975577209,4.0,65.0
711.8253767635073,3.0,65.0
711.8253767635073,4.0,64.0
712.1920044223544,3.0,64.0
712.1920044223544,4.0,63.0
712.9900467299456,4.0,64.0
715.1458649002459,4.0,65.0
715.9223823206214,4.0,66.0
718.7832040465795,4.0,67.0
719.067295008699,4.0,68.0
720.1503061744191,3.0,68.0
720.1503061744191,4.0,67.0
721.2844854620624,3.0,67.0
721.2844854620624,4.0,66.0
726.6978766958568,4.0,67.0
728.4911569769048,4.0,68.0
731.0685964046631,4.0,69.0
732.1290026695019,3.0,69.0
732.1290026695019,4.0,68.0
733.1348939187924,4.0,69.0
733.7366281586646,4.0,70.0
735.6839292403565,4.0,71.0
735.7294946470219,3.0,71.0
735.7294946470219,4.0,70.0
736.4993489275206,3.0,70.0
736.4993489275206,4.0,69.0
736.5967922360281,3.0,69.0
736.5967922360281,4.0,68.0
738.5574042780761,3.0,68.0
738.5574042780761,4.0,67.0
740.6920906918303,4.0,68.0
742.9327410174534,3.0,68.0
742.9327410174534,4.0,67.0
743.8496049890326,4.0,68.0
744.1680396246626,3.0,68.0
744.1680396246626,4.0,67.0
746.2343332959664,4.0,68.0
747.434157678834,3.0,68.0
747.434157678834,4.0,67.0
749.3064763995072,4.0,68.0
749.7041071741456,4.0,69.0
751.0823997135897,3.0,69.0
751.0823997135897,4.0,68.0
751.7764982579855,4.0,69.0
752.8634705888808,4.0,70.0
753.8556021533409,4.0,71.0
756.2064055712278,4.0,72.0
757.5227206355322,3.0,72.0
757.5227206355322,4.0,71.0
758.9429300315336,4.0,72.0
767.5468892677648,3.0,72.0
767.5468892677648,4.0,71.0
767.795140449617,4.0,72.0
768.6078339238617,3.0,72.0
768.6078339238617,4.0,71.0
771.4952891333993,4.0,72.0
772.6126597704492,4.0,73.0
772.9442158984763,3.0,73.0
772.9442158984763,4.0,72.0
774.5118854184002,4.0,73.0
776.2599770111768,3.0,73.0
776.2599770111768,4.0,72.0
779.6947194283937,3.0,72.0
779.6947194283937,4.0,71.0
781.9886168226509,4.0,72.0
784.9262146036621,4.0,73.0
786.5994730504001,4.0,74.0
787.2186598080717,3.0,74.0
787.2186598080717,4.0,73.0
787.7926056237587,3.0,73.0
787.7926056237587,4.0,72.0
788.7150106502878,4.0,73.0
791.7760611683075,4.0,74.0
793.2066208918807,3.0,74.0
793.2066208918807,4.0,73.0
794.5693293669241,4.0,74.0
794.8615416542498,4.0,75.0
796.7311499001145,3.0,75.0
796.7311499001145,4.0,74.0
797.301612689139,4.0,75.0
797.8611267853398,4.0,76.0
799.8840415685385,3.0,76.0
799.8840415685385,4.0,75.0
801.5209882712734,3.0,75.0
801.5209882712734,4.0,74.0
803.2751057397692,4.0,75.0
803.8386997688908,3.0,75.0
803.8386997688908,4.0,74.0
804.9698120374634,4.0,75.0
808.690769431104,4.0,76.0
808.9751703540468,4.0,77.0
809.8280636529006,3.0,77.0
809.8280636529006,4.0,76.0
812.5481467675394,3.0,76.0
812.5481467675394,4.0,75.0
815.2667554719967,4.0,76.0
815.5139738468471,3.0,76.0
815.5139738468471,4.0,75.0
819.0916832353606,3.0,75.0
819.0916832353606,4.0,74.0
819.9517715931718,3.0,74.0
819.9517715931718,4.0,73.0
819.9839683748065,4.0,74.0
822.2795499198952,3.0,74.0
822.2795499198952,4.0,73.0
828.8885371281865,4.0,74.0
832.201925496052,3.0,74.0
832.201925496052,4.0,73.0
834.7257575469644,3.0,73.0
834.7257575469644,4.0,72.0
836.7293574121632,3.0,72.0
836.7293574121632,4.0,71.0
837.8282425322334,4.0,72.0
839.1163242670425,4.0,73.0
839.4168251841544,3.0,73.0
839.4168251841544,4.0,72.0
840.1584538485776,4.0,73.0
844.1258859935507,3.0,73.0
844.1258859935507,4.0,72.0
845.828545349686,3.0,72.0
845.828545349686,4.0,71.0
847.3892506751739,4.0,72.0
847.9403612447038,3.0,72.0
847.9403612447038,4.0,71.0
848.1167652809506,4.0,72.0
850.8786211915849,3.0,72.0
850.8786211915849,4.0,71.0
851.5443073331386,3.0,71.0
851.5443073331386,4.0,70.0
853.9604646279587,3.0,70.0
853.9604646279587,4.0,69.0
857.2272255794509,3.0,69.0
857.2272255794509,4.0,68.0
857.3708151747273,3.0,68.0
857.3708151747273,4.0,67.0
859.0202566703155,4.0,68.0
859.6698671905193,4.0,69.0
863.449584808256,4.0,70.0
863.6537208695996,3.0,70.0
863.6537208695996,4.0,69.0
863.6780963009215,3.0,69.0
863.6780963009215,4.0,68.0
863.9620750214691,3.0,68.0
863.9620750214691,4.0,67.0
865.2979913006792,4.0,68.0
865.8478022475028,4.0,69.0
869.1336358726177,4.0,70.0
871.1106872018348,3.0,70.0
871.1106872018348,4.0,69.0
871.4661504102227,4.0,70.0
874.7492224088583,4.0,71.0
876.0043717172131,3.0,71.0
876.0043717172131,4.0,70.0
876.7427415270718,3.0,70.0
876.7427415270718,4.0,69.0
877.0949150740696,3.0,69.0
877.0949150740696,4.0,68.0
877.8273442628268,4.0,69.0
882.486454325419,3.0,69.0
882.486454325419,4.0,68.0
885.5903633236994,4.0,69.0
888.241705057311,4.0,70.0
889.681683591158,3.0,70.0
889.681683591158,4.0,69.0
890.4138343720084,4.0,70.0
890.6856604833133,3.0,70.0
890.6856604833133,4.0,69.0
890.7164237523896,3.0,69.0
890.7164237523896,4.0,68.0
894.3989013546045,4.0,69.0
894.6066581977191,3.0,69.0
894.6066581977191,4.0,68.0
897.128569522346,4.0,69.0
898.5926078015029,3.0,69.0
898.5926078015029,4.0,68.0
898.7509950490967,4.0,69.0
899.1213149892723,3.0,69.0
899.1213149892723,4.0,68.0
900.7420400145764,4.0,69.0
902.3403230976357,4.0,70.0
905.1099151520161,3.0,70.0
905.1099151520161,4.0,69.0
906.6027642001272,4.0,70.0
907.3024948930096,3.0,70.0
907.3024948930096,4.0,69.0
907.6409201641904,3.0,69.0
907.6409201641904,4.0,68.0
908.1355308974506,3.0,68.0
908.1355308974506,4.0,67.0
909.184311436465,4.0,68.0
913.3284557713142,3.0,68.0
913.3284557713142,4.0,67.0
913.9195379263318,4.0,68.0
916.4589075192467,4.0,69.0
920.342664255852,4.0,70.0
920.6959231385315,3.0,70.0
920.6959231385315,4.0,69.0
923.126657348034,3.0,69.0
923.126657348034,4.0,68.0
924.218600850564,3.0,68.0
924.218600850564,4.0,67.0
924.9260058927405,3.0,67.0
924.9260058927405,4.0,66.0
927.1806148522088,4.0,67.0
930.4290139472622,4.0,68.0
932.1808121541234,3.0,68.0
932.1808121541234,4.0,67.0
933.6040653496456,4.0,68.0
935.8109360656397,3.0,68.0
935.8109360656397,4.0,67.0
937.3955923362631,4.0,68.0
937.9670842322023,3.0,68.0
937.9670842322023,4.0,67.0
938.1433126380854,4.0,68.0
938.8189000135175,3.0,68.0
938.8189000135175,4.0,67.0
939.2303346665881,3.0,67.0
939.2303346665881,4.0,66.0
941.0954663552336,4.0,67.0
943.0013568551387,4.0,68.0
945.4434090752655,3.0,68.0
945.4434090752655,4.0,67.0
945.5071241812965,3.0,67.0
945.5071241812965,4.0,66.0
947.5212008967694,4.0,67.0
950.0090676510956,4.0,68.0
951.5694522644901,4.0,69.0
951.9439410266749,3.0,69.0
951.9439410266749,4.0,68.0
952.0923988918012,3.0,68.0
952.0923988918012,4.0,67.0
954.6957110764258,3.0,67.0
954.6957110764258,4.0,66.0
954.7444571905168,3.0,66.0
954.7444571905168,4.0,65.0
954.8160151671282,4.0,66.0
954.8718091282403,4.0,67.0
958.3156659330048,4.0,68.0
959.5263236402124,3.0,68.0
959.5263236402124,4.0,67.0
962.3394637839323,4.0,68.0
962.6169244216262,3.0,68.0
962.6169244216262,4.0,67.0
963.4939300157097,3.0,67.0
963.4939300157097,4.0,66.0
964.5165375756304,4.0,67.0
966.9093270123004,4.0,68.0
969.2048176285612,4.0,69.0
969.3304934807018,4.0,70.0
970.878911855663,3.0,70.0
970.878911855663,4.0,69.0
972.4796857993902,4.0,70.0
973.1522807012373,3.0,70.0
973.1522807012373,4.0,69.0
974.3804058344012,4.0,70.0
976.8604469039811,4.0,71.0
978.0632998985067,3.0,71.0
978.0632998985067,4.0,70.0
978.7622957372774,3.0,70.0
978.7622957372774,4.0,69.0
980.0162128067293,4.0,70.0
980.8393222887178,4.0,71.0
982.0957062587044,4.0,72.0
982.5389982393237,3.0,72.0
982.5389982393237,4.0,71.0
984.6052286455201,4.0,72.0
985.410991135963,4.0,73.0
988.757275031619,4.0,74.0
992.8605877499542,3.0,74.0
992.8605877499542,4.0,73.0
994.480017100487,4.0,74.0
997.2418996880048,4.0,75.0
997.3007302607613,3.0,75.0
997.3007302607613,4.0,74.0
998.596540975417,3.0,74.0
998.596540975417,4.0,73.0
999.9372313521384,3.0,73.0
999.9372313521384,4.0,72.0
1000.4706616067757,4.0,73.0
1002.1193117730958,4.0,74.0
1004.1450267409792,3.0,74.0
1004.1450267409792,4.0,73.0
1009.5586068986909,3.0,73.0
1009.5586068986909,4.0,72.0
1010.2798383160664,4.0,73.0
1011.4059271112653,3.0,73.0
1011.4059271112653,4.0,72.0
1013.0154844896246,4.0,73.0
1014.0674427622515,4.0,74.0
1015.6574351999727,4.0,75.0
1015.6744504295345,3.0,75.0
1015.6744504295345,4.0,74.0
1016.0573844413736,3.0,74.0
1016.0573844413736,4.0,73.0
1016.1537944970997,4.0,74.0
1018.6725664763426,4.0,75.0
1018.9296796826877,3.0,75.0
1018.9296796826877,4.0,74.0
1021.4063078695101,4.0,75.0
1022.4979074291265,3.0,75.0
1022.4979074291265,4.0,74.0
1024.0130392075425,4.0,75.0
1025.963925830372,4.0,76.0
1027.5998861907326,3.0,76.0
1027.5998861907326,4.0,75.0
1028.6971081266054,4.0,76.0
1029.046214397518,3.0,76.0
1029.046214397518,4.0,75.0
1029.136290018521,3.0,75.0
1029.136290018521,4.0,74.0
1029.6872128881298,4.0,75.0
1030.3422181240735,3.0,75.0
1030.3422181240735,4.0,74.0
1034.4657319727783,4.0,75.0
1034.583908524681,4.0,76.0
1035.8456569166115,3.0,76.0
1035.8456569166115,4.0,75.0
1036.4820263604538,4.0,76.0
1037.0940736251578,4.0,77.0
1039.589486860855,4.0,78.0
1040.0466314221828,4.0,79.0
1040.9614359421623,3.0,79.0
1040.9614359421623,4.0,78.0
1042.1897541347632,4.0,79.0
1042.5728013644373,3.0,79.0
1042.5728013644373,4.0,78.0
1044.7642094568753,4.0,79.0
1044.952130713508,4.0,80.0
1046.9135554187708,3.0,80.0
1046.9135554187708,4.0,79.0
1053.3922450983962,4.0,80.0
1054.050073920641,4.0,81.0
1054.1906279538412,3.0,81.0
1054.1906279538412,4.0,80.0
1058.7042161152685,4.0,81.0
1060.9876745764668,3.0,81.0
1060.9876745764668,4.0,80.0
1062.4998015638344,4.0,81.0
1062.776312883368,4.0,82.0
1063.7314341152503,3.0,82.0
1063.7314341152503,4.0,81.0
1065.3399690502006,4.0,82.0
1066.1582554630986,4.0,83.0
1068.5618486931523,3.0,83.0
1068.5618486931523,4.0,82.0
1068.803268850296,4.0,83.0
1069.465444284981,4.0,84.0
1070.5855819385813,3.0,84.0
1070.5855819385813,4.0,83.0
1073.8145851707272,4.0,84.0
1075.0760112434473,4.0,85.0
1077.1141843842233,4.0,86.0
1078.2168828023125,4.0,87.0
1081.692924848168,3.0,87.0
1081.692924848168,4.0,86.0
1085.415144476637,4.0,87.0
1085.7465682607817,4.0,88.0
1086.0091796149538,3.0,88.0
1086.0091796149538,4.0,87.0
1088.1953539510573,4.0,88.0
1089.1941316819361,3.0,88.0
1089.1941316819361,4.0,87.0
1089.5570648226246,4.0,88.0
1090.9609536132607,4.0,89.0
1094.018429417748,4.0,90.0
1094.10718354897,4.0,91.0
1095.1211333964375,3.0,91.0
1095.1211333964375,4.0,90.0
1097.2751420945267,4.0,91.0
1097.9235912652111,3.0,91.0
1097.9235912652111,4.0,90.0
1098.0502951287092,3.0,90.0
1098.0502951287092,4.0,89.0
1098.763048392492,4.0,90.0
1101.244806709331,4.0,91.0
1102.815696821351,4.0,92.0
1103.2493080732136,4.0,93.0
1107.3323449653553,3.0,93.0
1107.3323449653553,4.0,92.0
1108.1596556497652,4.0,93.0
1108.1635313341478,4.0,94.0
1111.0849582456333,3.0,94.0
1111.0849582456333,4.0,93.0
1111.503769586353,4.0,94.0
1111.6072060697495,3.0,94.0
1111.6072060697495,4.0,93.0
1112.4998047651181,3.0,93.0
1112.4998047651181,4.0,92.0
1115.3054807930237,4.0,93.0
1116.7025613828362,3.0,93.0
1116.7025613828362,4.0,92.0
1118.5423299470744,4.0,93.0
1118.8956251939785,4.0,94.0
1120.6554024648133,3.0,94.0
1120.6554024648133,4.0,93.0
1121.1504947322885,3.0,93.0
1121.1504947322885,4.0,92.0
1121.3996086391041,4.0,93.0
1123.414308670728,4.0,94.0
1124.0285581092996,4.0,95.0
1126.0997744167132,4.0,96.0
1127.1131022636187,4.0,97.0
1131.1947077402808,4.0,98.0
1132.3467616757405,4.0,99.0
1133.0048870953622,3.0,99.0
1133.0048870953622,4.0,98.0
1137.1004001650922,4.0,99.0
1137.6075465056706,3.0,99.0
1137.6075465056706,4.0,98.0
1138.280152037419,4.0,99.0
1141.4625891300723,3.0,99.0
1141.4625891300723,4.0,98.0
1142.716741236383,3.0,98.0
1142.716741236383,4.0,97.0
1142.748966737725,4.0,98.0
1143.7352470330543,3.0,98.0
1143.7352470330543,4.0,97.0
1147.221334419024,4.0,98.0
1150.9927339028118,3.0,98.0
1150.9927339028118,4.0,97.0
1154.332516615627,4.0,98.0
1156.082878514565,4.0,99.0
1158.2875391093733,4.0,100.0
1159.5385090956427,4.0,101.0
1162.3590861733117,3.0,101.0
1162.3590861733117,4.0,100.0
1162.6637372029802,3.0,100.0
1162.6637372029802,4.0,99.0
1164.9865322093694,4.0,100.0
1165.3823380637089,4.0,101.0
1167.0700118093305,4.0,102.0
1167.3729510450157,3.0,102.0
1167.3729510450157,4.0,101.0
1169.422272890462,3.0,101.0
1169.422272890462,4.0,100.0
1172.5558758957445,4.0,101.0
1175.5441420324958,3.0,101.0
1175.5441420324958,4.0,100.0
1175.7371062309805,3.0,100.0
1175.7371062309805,4.0,99.0
1175.9244477985683,3.0,99.0
1175.9244477985683,4.0,98.0
1178.2823859481,4.0,99.0
1179.634000203765,4.0,100.0
1181.9539980415068,3.0,100.0
1181.9539980415068,4.0,99.0
1182.3734870592518,3.0,99.0
1182.3734870592518,4.0,98.0
1183.340777093754,4.0,99.0
1185.93008629999,4.0,100.0
1188.7342806979095,3.0,100.0
1188.7342806979095,4.0,99.0
1191.7101327256764,4.0,100.0
1192.1498685315782,3.0,100.0
1192.1498685315782,4.0,99.0
1192.2364522166251,3.0,99.0
1192.2364522166251,4.0,98.0
1195.640545396695,3.0,98.0
1195.640545396695,4.0,97.0
1199.1218812055552,3.0,97.0
1199.1218812055552,4.0,96.0
1199.8430741767493,3.0,96.0
1199.8430741767493,4.0,95.0
1200.706774556744,3.0,95.0
1200.706774556744,4.0,94.0
1203.9037072669562,3.0,94.0
1203.9037072669562,4.0,93.0
1204.3521708264493,4.0,94.0
1204.5013847981952,4.0,95.0
1206.7638734386219,3.0,95.0
1206.7638734386219,4.0,94.0
1208.7048309915767,3.0,94.0
1208.7048309915767,4.0,93.0
1209.1114019645056,4.0,94.0
1211.0329292247966,3.0,94.0
1211.0329292247966,4.0,93.0
1213.08567338376,4.0,94.0
1213.1472275070987,3.0,94.0
1213.1472275070987,4.0,93.0
1213.9567849476366,4.0,94.0
1216.8345424072274,4.0,95.0
1219.317316866271,3.0,95.0
1219.317316866271,4.0,94.0
1219.8848473449625,3.0,94.0
1219.8848473449625,4.0,93.0
1220.360136799159,4.0,94.0
1223.977970012198,4.0,95.0
1225.217181621398,3.0,95.0
1225.217181621398,4.0,94.0
1228.2109094697882,4.0,95.0
1231.8545946861789,3.0,95.0
1231.8545946861789,4.0,94.0
1232.151223546849,3.0,94.0
1232.151223546849,4.0,93.0
1233.2452196593442,3.0,93.0
1233.2452196593442,4.0,92.0
1235.2516080967775,3.0,92.0
1235.2516080967775,4.0,91.0
1236.8102176479638,4.0,92.0
1237.077235384092,4.0,93.0
1239.832722304537,4.0,94.0
1240.1247106252788,4.0,95.0
1242.4935081671294,4.0,96.0
1244.0325245142235,3.0,96.0
1244.0325245142235,4.0,95.0
1244.4846981353019,3.0,95.0
1244.4846981353019,4.0,94.0
1245.4974683926969,4.0,95.0
1247.4553857165085,3.0,95.0
1247.4553857165085,4.0,94.0
1248.9284172836162,3.0,94.0
1248.9284172836162,4.0,93.0
1253.4327575813456,3.0,93.0
1253.4327575813456,4.0,92.0
1254.375769670694,3.0,92.0
1254.375769670694,4.0,91.0
1254.7446631190799,4.0,92.0
1256.0843687614897,3.0,92.0
1256.0843687614897,4.0,91.0
1256.6351490394356,4.0,92.0
1260.6934842213755,4.0,93.0
1261.2676686148643,4.0,94.0
1265.307044975247,3.0,94.0
1265.307044975247,4.0,93.0
1265.7632805738083,3.0,93.0
1265.7632805738083,4.0,92.0
1266.7038077601194,4.0,93.0
1266.8096063936548,3.0,93.0
1266.8096063936548,4.0,92.0
1267.599102985913,3.0,92.0
1267.599102985913,4.0,91.0
1268.3078524997036,3.0,91.0
1268.3078524997036,4.0,90.0
1270.6492660555334,4.0,91.0
1271.9900228445574,3.0,91.0
1271.9900228445574,4.0,90.0
1274.7098452394507,4.0,91.0
1274.7892100023178,4.0,92.0
1276.3223140806301,3.0,92.0
1276.3223140806301,4.0,91.0
1280.0926180309432,3.0,91.0
1280.0926180309432,4.0,90.0
1281.2577366032283,3.0,90.0
1281.2577366032283,4.0,89.0
1283.936777291858,4.0,90.0
1284.4792813411627,4.0,91.0
1284.6158929595877,3.0,91.0
1284.6158929595877,4.0,90.0
1284.748764479282,3.0,90.0
1284.748764479282,4.0,89.0
1285.1942121011925,3.0,89.0
1285.1942121011925,4.0,88.0
1289.955253873055,4.0,89.0
1292.336483686249,3.0,89.0
1292.336483686249,4.0,88.0
1295.0764976552994,4.0,89.0
1297.0258383174228,3.0,89.0
1297.0258383174228,4.0,88.0
1297.6690562232384,4.0,89.0
1299.2774638644453,3.0,89.0
1299.2774638644453,4.0,88.0
1301.1972039793845,4.0,89.0
1303.3154032804025,4.0,90.0
1304.3027931551885,3.0,90.0
1304.3027931551885,4.0,89.0
1306.9532826408026,4.0,90.0
1312.2715045241052,3.0,90.0
1312.2715045241052,4.0,89.0
1313.5110593087068,3.0,89.0
1313.5110593087068,4.0,88.0
1319.0917009320972,3.0,88.0
1319.0917009320972,4.0,87.0
1322.8887217619665,3.0,87.0
1322.8887217619665,4.0,86.0
1326.8261836276831,3.0,86.0
1326.8261836276831,4.0,85.0
1327.6136866624527,4.0,86.0
1329.6521553347864,4.0,87.0
1330.069857529532,4.0,88.0
1331.36385595747,3.0,88.0
1331.36385595747,4.0,87.0
1333.517439637454,3.0,87.0
1333.517439637454,4.0,86.0
1335.776914080541,3.0,86.0
1335.776914080541,4.0,85.0
1339.2499878241101,4.0,86.0
1340.6070513201212,3.0,86.0
1340.6070513201212,4.0,85.0
1341.6198784869323,4.0,86.0
1341.9614943287572,3.0,86.0
1341.9614943287572,4.0,85.0
1343.248089410988,3.0,85.0
1343.248089410988,4.0,84.0
1344.8753312069377,4.0,85.0
1345.0113117850728,3.0,85.0
1345.0113117850728,4.0,84.0
1346.393428798516,3.0,84.0
1346.393428798516,4.0,83.0
1353.073926099951,4.0,84.0
1354.130610010057,3.0,84.0
1354.130610010057,4.0,83.0
1354.438841502073,3.0,83.0
1354.438841502073,4.0,82.0
1355.832938670024,4.0,83.0
1358.4231496629027,4.0,84.0
1359.0951885454635,3.0,84.0
1359.0951885454635,4.0,83.0
1360.3553284444201,3.0,83.0
1360.3553284444201,4.0,82.0
1361.5955741123055,4.0,83.0
1362.6358162042325,4.0,84.0
1363.4038407265914,3.0,84.0
1363.4038407265914,4.0,83.0
1366.768555171718,3.0,83.0
1366.768555171718,4.0,82.0
1367.0068975218373,3.0,82.0
1367.0068975218373,4.0,81.0
1367.4142444473928,3.0,81.0
1367.4142444473928,4.0,80.0
1370.5061473841427,4.0,81.0
1371.2091907094155,4.0,82.0
1375.2115149213403,4.0,83.0
1379.939679206601,3.0,83.0
1379.939679206601,4.0,82.0
1379.9715209033127,3.0,82.0
1379.9715209033127,4.0,81.0
1380.3481907725263,3.0,81.0
1380.3481907725263,4.0,80.0
1380.7031128242136,4.0,81.0
1383.6212930265117,3.0,81.0
1383.6212930265117,4.0,80.0
1384.3556654860472,4.0,81.0
1386.8240900767266,4.0,82.0
1387.787389629488,3.0,82.0
1387.787389629488,4.0,81.0
1388.0100446001334,3.0,81.0
1388.0100446001334,4.0,80.0
1393.7178241955944,3.0,80.0
1393.7178241955944,4.0,79.0
1394.2225441436142,3.0,79.0
1394.2225441436142,4.0,78.0
1397.4198464406952,3.0,78.0
1397.4198464406952,4.0,77.0
1397.445384524685,3.0,77.0
1397.445384524685,4.0,76.0
1400.1416879409096,4.0,77.0
1406.1822697488844,3.0,77.0
1406.1822697488844,4.0,76.0
1409.1953536536928,3.0,76.0
1409.1953536536928,4.0,75.0
1409.6944982004622,4.0,76.0
1411.4578722069098,3.0,76.0
1411.4578722069098,4.0,75.0
1412.8350271219188,3.0,75.0
1412.8350271219188,4.0,74.0
1414.1800998660517,4.0,75.0
1415.3676994663103,4.0,76.0
1417.3685073997146,4.0,77.0
1418.0701067557939,3.0,77.0
1418.0701067557939,4.0,76.0
1418.6558848729082,4.0,77.0
1421.2136017982737,4.0,78.0
1422.2461230121928,4.0,79.0
1422.729784947895,3.0,79.0
1422.729784947895,4.0,78.0
1426.3203866890997,3.0,78.0
1426.3203866890997,4.0,77.0
1429.3127675921546,3.0,77.0
1429.3127675921546,4.0,76.0
1429.6597348046591,3.0,76.0
1429.6597348046591,4.0,75.0
1430.2550853577347,4.0,76.0
1432.8137043331758,4.0,77.0
1437.5637311551995,4.0,78.0
1441.2742847964703,4.0,79.0
1446.9897224930176,3.0,79.0
1446.9897224930176,4.0,78.0
1448.2558267598238,4.0,79.0
1449.5305565341516,3.0,79.0
1449.5305565341516,4.0,78.0
1451.0649820146375,4.0,79.0
1452.2974784026762,3.0,79.0
1452.2974784026762,4.0,78.0
1455.1663383682148,4.0,79.0
1457.422622963824,4.0,80.0
1458.046953277726,3.0,80.0
1458.046953277726,4.0,79.0
1459.872091799329,3.0,79.0
1459.872091799329,4.0,78.0
1459.9131284480472,4.0,79.0
1461.2118850246827,3.0,79.0
1461.2118850246827,4.0,78.0
1462.1931549673666,4.0,79.0
1463.9889405207991,3.0,79.0
1463.9889405207991,4.0,78.0
1464.2851563475913,4.0,79.0
1465.4854835983242,3.0,79.0
1465.4854835983242,4.0,78.0
1471.9907338970042,4.0,79.0
1472.136684119226,4.0,80.0
1472.2044577822928,3.0,80.0
1472.2044577822928,4.0,79.0
1474.5448118538443,4.0,80.0
1477.5579561857842,3.0,80.0
1477.5579561857842,4.0,79.0
1478.6392488187034,3.0,79.0
1478.6392488187034,4.0,78.0
1478.7073224707597,3.0,78.0
1478.7073224707597,4.0,77.0
1481.1064494951154,4.0,78.0
1481.5338638718056,4.0,79.0
1483.2387931835437,3.0,79.0
1483.2387931835437,4.0,78.0
1483.5409261800992,4.0,79.0
1490.765781754223,3.0,79.0
1490.765781754223,4.0,78.0
1491.12939814939,3.0,78.0
1491.12939814939,4.0,77.0
1491.5340173218938,3.0,77.0
1491.5340173218938,4.0,76.0
1492.18379106344,4.0,77.0
1494.7106798634188,4.0,78.0
1494.950758354647,3.0,78.0
1494.950758354647,4.0,77.0
1497.0156511089306,4.0,78.0
1497.3181317732417,3.0,78.0
1497.3181317732417,4.0,77.0
1498.431030342502,4.0,78.0
1499.546523546748,3.0,78.0
1499.546523546748,4.0,77.0
1502.0638966084434,3.0,77.0
1502.0638966084434,4.0,76.0
1503.0252890835889,3.0,76.0
1503.0252890835889,4.0,75.0
1503.1840709759447,4.0,76.0
1503.7593253831417,4.0,77.0
1506.877500655732,3.0,77.0
1506.877500655732,4.0,76.0
1507.4168279921842,4.0,77.0
1508.159436837082,3.0,77.0
1508.159436837082,4.0,76.0
1510.0141096681562,3.0,76.0
1510.0141096681562,4.0,75.0
1510.4978474375296,3.0,75.0
1510.4978474375296,4.0,74.0
1512.6257978204019,4.0,75.0
1515.8180558985696,4.0,76.0
1517.7651163474973,4.0,77.0
1518.933410840605,3.0,77.0
1518.933410840605,4.0,76.0
1519.1194218424682,4.0,77.0
1520.824879599206,3.0,77.0
1520.824879599206,4.0,76.0
1521.315460253319,4.0,77.0
1525.5712333467138,3.0,77.0
1525.5712333467138,4.0,76.0
1527.3913600329217,4.0,77.0
1527.6044936863104,4.0,78.0
1529.8528571169693,4.0,79.0
1529.9269693508174,3.0,79.0
1529.9269693508174,4.0,78.0
1536.6451637189296,4.0,79.0
1537.8748765188789,3.0,79.0
1537.8748765188789,4.0,78.0
1538.5417041323876,3.0,78.0
1538.5417041323876,4.0,77.0
1540.84064586821,4.0,78.0
1542.020819770497,4.0,79.0
1545.3695551221656,3.0,79.0
1545.3695551221656,4.0,78.0
1547.0797644199913,4.0,79.0
1549.8908181169413,4.0,80.0
1551.027019863337,3.0,80.0
1551.027019863337,4.0,79.0
1551.0906893268043,4.0,80.0
1554.0799237556143,3.0,80.0
1554.0799237556143,4.0,79.0
1554.455776716785,4.0,80.0
1554.7412357026287,4.0,81.0
1555.429938574395,3.0,81.0
1555.429938574395,4.0,80.0
1557.6042336555274,3.0,80.0
1557.6042336555274,4.0,79.0
1557.891915564714,4.0,80.0
1558.7639703526622,3.0,80.0
1558.7639703526622,4.0,79.0
1560.6293347958504,4.0,80.0
1561.7608093571544,3.0,80.0
1561.7608093571544,4.0,79.0
1562.7219410873981,3.0,79.0
1562.7219410873981,4.0,78.0
1563.5038177551307,4.0,79.0
1564.9987711135668,4.0,80.0
1566.7168339640014,4.0,81.0
1567.4105219389176,4.0,82.0
1568.8395618404381,4.0,83.0
1573.0380534858157,4.0,84.0
1573.0679926381174,3.0,84.0
1573.0679926381174,4.0,83.0
1573.2337769912276,4.0,84.0
1575.414261872724,4.0,85.0
1576.5524730874167,4.0,86.0
1577.5723815783915,3.0,86.0
1577.5723815783915,4.0,85.0
1579.4980497286526,4.0,86.0
1581.3754548186134,3.0,86.0
1581.3754548186134,4.0,85.0
1582.5471002552922,3.0,85.0
1582.5471002552922,4.0,84.0
1586.2066112570983,3.0,84.0
1586.2066112570983,4.0,83.0
1586.5193607550777,4.0,84.0
1586.6241457763472,4.0,85.0
1588.406681922752,3.0,85.0
1588.406681922752,4.0,84.0
1590.9265648282553,3.0,84.0
1590.9265648282553,4.0,83.0
1592.8197121088017,4.0,84.0
1593.1057208004474,3.0,84.0
1593.1057208004474,4.0,83.0
1594.9199934481983,3.0,83.0
1594.9199934481983,4.0,82.0
1595.3287719161506,4.0,83.0
1596.6152592024978,4.0,84.0
1597.2854876655533,3.0,84.0
1597.2854876655533,4.0,83.0
1599.6382767267587,3.0,83.0
1599.6382767267587,4.0,82.0
1602.7605301949593,3.0,82.0
1602.7605301949593,4.0,81.0
1606.913842719888,4.0,82.0
1609.1061655275857,4.0,83.0
1609.6064075112592,3.0,83.0
1609.6064075112592,4.0,82.0
1610.83140498839,4.0,83.0
1613.440777347341,4.0,84.0
1614.702824693834,3.0,84.0
1614.702824693834,4.0,83.0
1614.7816269361626,3.0,83.0
1614.7816269361626,4.0,82.0
1615.7616471023687,4.0,83.0
1620.0683688680797,4.0,84.0
1623.6579002283302,4.0,85.0
1627.9659382977702,3.0,85.0
1627.9659382977702,4.0,84.0
1628.2428519653652,3.0,84.0
1628.2428519653652,4.0,83.0
1628.6425427134418,4.0,84.0
1630.9011111056568,3.0,84.0
1630.9011111056568,4.0,83.0
1634.0821383207162,3.0,83.0
1634.0821383207162,4.0,82.0
1635.2429305985484,4.0,83.0
1641.7493952864802,3.0,83.0
1641.7493952864802,4.0,82.0
1641.8457713960538,4.0,83.0
1644.4385279886915,4.0,84.0
1645.7022363500432,3.0,84.0
1645.7022363500432,4.0,83.0
1648.283364239651,4.0,84.0
1649.4578688071956,3.0,84.0
1649.4578688071956,4.0,83.0
1651.0443021617637,3.0,83.0
1651.0443021617637,4.0,82.0
1651.9260809402087,4.0,83.0
1654.179668540016,3.0,83.0
1654.179668540016,4.0,82.0
1654.677816893196,4.0,83.0
1655.4355848903938,3.0,83.0
1655.4355848903938,4.0,82.0
1655.7409426448526,4.0,83.0
1658.5877710403388,4.0,84.0
1659.3742225747849,4.0,85.0
1661.1033585855364,3.0,85.0
1661.1033585855364,4.0,84.0
1662.0217615179026,4.0,85.0
1665.6757610360905,3.0,85.0
1665.6757610360905,4.0,84.0
1666.5825553908069,4.0,85.0
1667.1687885883111,3.0,85.0
1667.1687885883111,4.0,84.0
1669.1220990713007,3.0,84.0
1669.1220990713007,4.0,83.0
1669.850602529877,3.0,83.0
1669.850602529877,4.0,82.0
1670.8127643558475,4.0,83.0
1672.1333102205647,4.0,84.0
1673.689796417242,3.0,84.0
1673.689796417242,4.0,83.0
1674.5968449147856,4.0,84.0
1674.925799575727,4.0,85.0
1675.5626085737988,3.0,85.0
1675.5626085737988,4.0,84.0
1676.62581563489,4.0,85.0
1677.4267441232168,3.0,85.0
1677.4267441232168,4.0,84.0
1677.6001783407864,4.0,85.0
1678.7223540741088,4.0,86.0
1685.0719076116534,3.0,86.0
1685.0719076116534,4.0,85.0
1687.0273325733694,3.0,85.0
1687.0273325733694,4.0,84.0
1687.1633947361015,4.0,85.0
1687.5414664282225,3.0,85.0
1687.5414664282225,4.0,84.0
1688.1327293909958,4.0,85.0
1688.411490628588,3.0,85.0
1688.411490628588,4.0,84.0
1691.6896987093369,3.0,84.0
1691.6896987093369,4.0,83.0
1692.4365203916905,3.0,83.0
1692.4365203916905,4.0,82.0
1693.140816794446,4.0,83.0
1693.715774466417,4.0,84.0
1696.264180482261,4.0,85.0
1698.503633948196,3.0,85.0
1698.503633948196,4.0,84.0
1699.1955357405188,3.0,84.0
1699.1955357405188,4.0,83.0
1700.05654737061,3.0,83.0
1700.05654737061,4.0,82.0
1701.5184098104771,3.0,82.0
1701.5184098104771,4.0,81.0
1704.0103495649068,3.0,81.0
1704.0103495649068,4.0,80.0
1706.5920988322619,4.0,81.0
1707.4958319655623,3.0,81.0
1707.4958319655623,4.0,80.0
1707.9365734802595,4.0,81.0
1708.0807587667443,3.0,81.0
1708.0807587667443,4.0,80.0
1708.5631541613202,3.0,80.0
1708.5631541613202,4.0,79.0
1712.0430030617167,4.0,80.0
1713.8591314965179,3.0,80.0
1713.8591314965179,4.0,79.0
1714.5582836142796,4.0,80.0
1714.7998873052782,4.0,81.0
1714.964299574769,3.0,81.0
1714.964299574769,4.0,80.0
1715.5380521738684,3.0,80.0
1715.5380521738684,4.0,79.0
1717.3390781421836,4.0,80.0
1717.541772893838,4.0,81.0
1719.8280837963573,3.0,81.0
1719.8280837963573,4.0,80.0
1722.080668154474,4.0,81.0
1722.1790589450898,3.0,81.0
1722.1790589450898,4.0,80.0
1723.4890457189254,3.0,80.0
1723.4890457189254,4.0,79.0
1724.2519009790055,4.0,80.0
1724.500408208694,4.0,81.0
1725.102647934908,3.0,81.0
1725.102647934908,4.0,80.0
1727.7789253369567,4.0,81.0
1729.0095929551053,4.0,82.0
1731.4494369234806,4.0,83.0
1734.0645375477789,4.0,84.0
1734.8079678861097,4.0,85.0
1736.603872889925,3.0,85.0
1736.603872889925,4.0,84.0
1739.6106987130647,3.0,84.0
1739.6106987130647,4.0,83.0
1741.0548930530936,4.0,84.0
1744.1635003316326,4.0,85.0
1746.1984879435636,3.0,85.0
1746.1984879435636,4.0,84.0
1746.5692557327006,3.0,84.0
1746.5692557327006,4.0,83.0
1746.5786272657538,4.0,84.0
1747.7764005155307,4.0,85.0
1749.1090757470804,4.0,86.0
1749.860962200909,4.0,87.0
1750.3670195937682,3.0,87.0
1750.3670195937682,4.0,86.0
1750.3680150541445,3.0,86.0
1750.3680150541445,4.0,85.0
1751.3287416693704,3.0,85.0
1751.3287416693704,4.0,84.0
1752.8819572179443,4.0,85.0
1753.4641472251324,4.0,86.0
1755.6196843232883,4.0,87.0
1757.250346561005,3.0,87.0
1757.250346561005,4.0,86.0
1757.762188430689,4.0,87.0
1757.9584126437574,3.0,87.0
1757.9584126437574,4.0,86.0
1760.5091702839134,4.0,87.0
1761.320398282123,4.0,88.0
1764.0119352685865,4.0,89.0
1765.4085373887317,4.0,90.0
1767.980646753316,3.0,90.0
1767.980646753316,4.0,89.0
1775.73945558773,4.0,90.0
1776.0552248261465,3.0,90.0
1776.0552248261465,4.0,89.0
1779.3699404905678,4.0,90.0
1782.1123702845948,3.0,90.0
1782.1123702845948,4.0,89.0
1782.7014969133302,4.0,90.0
1783.3827495582677,4.0,91.0
1785.4573489710879,4.0,92.0
1785.9089656914919,4.0,93.0
1787.1759057112172,3.0,93.0
1787.1759057112172,4.0,92.0
1787.271244664121,3.0,92.0
1787.271244664121,4.0,91.0
1788.4068893675208,4.0,92.0
1789.5052093804284,3.0,92.0
1789.5052093804284,4.0,91.0
1795.0431728218189,3.0,91.0
1795.0431728218189,4.0,90.0
1795.1691637988952,4.0,91.0
1796.187391517935,4.0,92.0
1796.697635924855,3.0,92.0
1796.697635924855,4.0,91.0
1798.0136421716788,4.0,92.0
1801.9510283803763,4.0,93.0
1806.2542627795813,4.0,94.0
1806.846009653307,3.0,94.0
1806.846009653307,4.0,93.0
1810.4816432480375,3.0,93.0
1810.4816432480375,4.0,92.0
1810.883464128709,3.0,92.0
1810.883464128709,4.0,91.0
1813.2001982015543,3.0,91.0
1813.2001982015543,4.0,90.0
1821.296535235554,3.0,90.0
1821.296535235554,4.0,89.0
1821.402256001748,3.0,89.0
1821.402256001748,4.0,88.0
1822.4491051079324,3.0,88.0
1822.4491051079324,4.0,87.0
1823.1752943029908,4.0,88.0
1825.4447721312679,4.0,89.0
1830.246101869892,4.0,90.0
1837.0535569335323,3.0,90.0
1837.0535569335323,4.0,89.0
1842.6228687554797,3.0,89.0
1842.6228687554797,4.0,88.0
1843.5197900496219,4.0,89.0
1845.1697766499396,3.0,89.0
1845.1697766499396,4.0,88.0
1847.149854520012,4.0,89.0
1848.5508604864528,3.0,89.0
1848.5508604864528,4.0,88.0
1851.331624149989,3.0,88.0
1851.331624149989,4.0,87.0
1852.003770885672,3.0,87.0
1852.003770885672,4.0,86.0
1856.0906281816724,3.0,86.0
1856.0906281816724,4.0,85.0
1857.6613142793985,4.0,86.0
1858.0735710531821,4.0,87.0
1858.0849757436013,3.0,87.0
1858.0849757436013,4.0,86.0
1859.894660208443,3.0,86.0
1859.894660208443,4.0,85.0
1861.5814535345721,3.0,85.0
1861.5814535345721,4.0,84.0
1861.6102569517707,4.0,85.0
1863.887290634626,3.0,85.0
1863.887290634626,4.0,84.0
1864.2840988012622,4.0,85.0
1865.8861903503825,3.0,85.0
1865.8861903503825,4.0,84.0
1865.9654782201928,3.0,84.0
1865.9654782201928,4.0,83.0
1866.8628361351302,3.0,83.0
1866.8628361351302,4.0,82.0
1868.799167045254,3.0,82.0
1868.799167045254,4.0,81.0
1868.978558828369,3.0,81.0
1868.978558828369,4.0,80.0
1869.4866352159158,4.0,81.0
1871.0831283718778,3.0,81.0
1871.0831283718778,4.0,80.0
1873.3144994677386,3.0,80.0
1873.3144994677386,4.0,79.0
1876.8675874617147,4.0,80.0
1877.028561151311,3.0,80.0
1877.028561151311,4.0,79.0
1878.369889421681,3.0,79.0
1878.369889421681,4.0,78.0
1879.2377490480906,4.0,79.0
1879.977840910521,4.0,80.0
1880.9156406459617,3.0,80.0
1880.9156406459617,4.0,79.0
1881.6234740336886,3.0,79.0
1881.6234740336886,4.0,78.0
1881.6570388267305,3.0,78.0
1881.6570388267305,4.0,77.0
1883.4830814560255,4.0,78.0
1884.903566997603,3.0,78.0
1884.903566997603,4.0,77.0
1885.1332636024865,3.0,77.0
1885.1332636024865,4.0,76.0
1885.5367334981536,4.0,77.0
1885.6840069335187,4.0,78.0
1890.8547232112628,3.0,78.0
1890.8547232112628,4.0,77.0
1891.5273219109881,3.0,77.0
1891.5273219109881,4.0,76.0
1894.287008852713,4.0,77.0
1894.698647899738,4.0,78.0
1895.4774453993512,3.0,78.0
1895.4774453993512,4.0,77.0
1897.9209339150277,4.0,78.0
1898.1287441846096,3.0,78.0
1898.1287441846096,4.0,77.0
1898.856070908558,4.0,78.0
1900.0114318760643,3.0,78.0
1900.0114318760643,4.0,77.0
1901.4457006703362,4.0,78.0
1905.4032500963503,3.0,78.0
1905.4032500963503,4.0,77.0
1905.9932893600142,4.0,78.0
1909.4330222340125,4.0,79.0
1909.8921915034439,3.0,79.0
1909.8921915034439,4.0,78.0
1911.7129821359806,3.0,78.0
1911.7129821359806,4.0,77.0
1911.7422841895864,4.0,78.0
1916.3280623118687,4.0,79.0
1918.416460797769,3.0,79.0
1918.416460797769,4.0,78.0
1919.4664518736436,4.0,79.0
1920.1544248522234,4.0,80.0
1921.8246151579647,4.0,81.0
1922.0304150408072,3.0,81.0
1922.0304150408072,4.0,80.0
1923.4208672549555,3.0,80.0
1923.4208672549555,4.0,79.0
1923.926958614074,4.0,80.0
1927.5591930854584,4.0,81.0
1928.8385123977623,4.0,82.0
1930.4123312901572,4.0,83.0
1932.6489730703154,4.0,84.0
1935.2169864312305,4.0,85.0
1935.6815508797893,3.0,85.0
1935.6815508797893,4.0,84.0
1937.7040598284257,4.0,85.0
1938.975135000114,4.0,86.0
1940.4457847045219,3.0,86.0
1940.4457847045219,4.0,85.0
1942.0908845348215,4.0,86.0
1945.5575275649467,4.0,87.0
1948.2381629262143,4.0,88.0
1949.01144783748,4.0,89.0
1950.8169321409566,4.0,90.0
1951.1185717329502,4.0,91.0
1953.2462758290974,4.0,92.0
1953.741516748326,3.0,92.0
1953.741516748326,4.0,91.0
1955.392212138323,4.0,92.0
1957.8464952958877,3.0,92.0
1957.8464952958877,4.0,91.0
1957.8892135998765,4.0,92.0
1960.5287859655562,4.0,93.0
1960.957627759574,3.0,93.0
1960.957627759574,4.0,92.0
1961.1581637797237,4.0,93.0
1962.1762963083795,3.0,93.0
1962.1762963083795,4.0,92.0
1963.3448790105997,4.0,93.0
1964.1737797471162,4.0,94.0
1966.7594323867163,3.0,94.0
1966.7594323867163,4.0,93.0
1967.9247215168543,4.0,94.0
1969.1666126416333,4.0,95.0
1970.8735841471753,4.0,96.0
1971.716894736904,4.0,97.0
1972.652573141398,3.0,97.0
1972.652573141398,4.0,96.0
1973.6045010000687,4.0,97.0
1974.519879117993,4.0,98.0
1976.627074112376,4.0,99.0
1977.6221418469308,4.0,100.0
1979.4891286014029,4.0,101.0
1980.4803216748248,4.0,102.0
1981.171709396055,3.0,102.0
1981.171709396055,4.0,101.0
1982.3010194667258,3.0,101.0
1982.3010194667258,4.0,100.0
1984.5561284659202,3.0,100.0
1984.5561284659202,4.0,99.0
1984.563729550215,4.0,100.0
1986.8068594257682,4.0,101.0
1988.6854130441727,3.0,101.0
1988.6854130441727,4.0,100.0
1991.6648818985566,3.0,100.0
1991.6648818985566,4.0,99.0
1993.0720198165307,4.0,100.0
1993.6894679035572,3.0,100.0
1993.6894679035572,4.0,99.0
1996.1118786871139,4.0,100.0
1996.769125309881,3.0,100.0
1996.769125309881,4.0,99.0
1997.9265936037602,4.0,100.0
2002.44883517677,3.0,100.0
2002.44883517677,4.0,99.0
2004.131203584364,3.0,99.0
2004.131203584364,4.0,98.0
2008.4566645897105,4.0,99.0
2009.4798461589328,4.0,100.0
2009.5551207959184,3.0,100.0
2009.5551207959184,4.0,99.0
2010.3272280929948,3.0,99.0
2010.3272280929948,4.0,98.0
2010.535190390467,3.0,98.0
2010.535190390467,4.0,97.0
2011.1398608563818,4.0,98.0
2013.8286536333594,4.0,99.0
2018.2809922619824,4.0,100.0
2026.920506474461,3.0,100.0
2026.920506474461,4.0,99.0
2033.3950957675524,4.0,100.0
2035.53184523432,4.0,101.0
2036.5170879049401,3.0,101.0
2036.5170879049401,4.0,100.0
2037.5833833519864,4.0,101.0
2037.8368469923632,4.0,102.0
2040.9793832986393,3.0,102.0
2040.9793832986393,4.0,101.0
2041.4625700294662,3.0,101.0
2041.4625700294662,4.0,100.0
2041.551856506398,4.0,101.0
2043.766539335111,3.0,101.0
2043.766539335111,4.0,100.0
2046.010098113052,4.0,101.0
2047.9949452592843,3.0,101.0
2047.9949452592843,4.0,100.0
2048.59771623856,3.0,100.0
2048.59771623856,4.0,99.0
2048.8592195203355,4.0,100.0
2049.4578903307884,3.0,100.0
2049.4578903307884,4.0,99.0
2050.711040548658,4.0,100.0
2052.064982612098,3.0,100.0
2052.064982612098,4.0,99.0
2052.1047643816123,4.0,100.0
2052.9620134780694,3.0,100.0
2052.9620134780694,4.0,99.0
2053.2860947033673,4.0,100.0
2055.5716952477046,3.0,100.0
2055.5716952477046,4.0,99.0
2056.489893241607,4.0,100.0
2059.819777619976,3.0,100.0
2059.819777619976,4.0,99.0
2061.8876293965786,4.0,100.0
2063.331058926662,4.0,101.0
2064.1880095982438,4.0,102.0
2065.040000122071,3.0,102.0
2065.040000122071,4.0,101.0
2066.061863681254,3.0,101.0
2066.061863681254,4.0,100.0
2066.46935138759,4.0,101.0
2066.728686191936,4.0,102.0
2067.0404440966113,3.0,102.0
2067.0404440966113,4.0,101.0
2069.881644420097,3.0,101.0
2069.881644420097,4.0,100.0
2073.111944580893,4.0,101.0
2080.67763733807,4.0,102.0
2080.7886401338883,3.0,102.0
2080.7886401338883,4.0,101.0
2084.57609303088,4.0,102.0
2087.3590781012144,4.0,103.0
2088.101749312871,3.0,103.0
2088.101749312871,4.0,102.0
2091.2089944720806,3.0,102.0
2091.2089944720806,4.0,101.0
2092.5592572241876,4.0,102.0
2092.985910000143,3.0,102.0
2092.985910000143,4.0,101.0
2093.239440625597,4.0,102.0
2094.5223477838786,3.0,102.0
2094.5223477838786,4.0,101.0
2097.404608225626,4.0,102.0
2097.703807454631,4.0,103.0
2098.607189252298,3.0,103.0
2098.607189252298,4.0,102.0
2099.650250680273,3.0,102.0
2099.650250680273,4.0,101.0
2100.5636689833577,4.0,102.0
2106.0266734248703,3.0,102.0
2106.0266734248703,4.0,101.0
2107.8334142494296,4.0,102.0
2110.4957426706883,4.0,103.0
2111.008545966795,3.0,103.0
2111.008545966795,4.0,102.0
2111.280725469828,4.0,103.0
2114.8327675593237,4.0,104.0
2114.8704657821345,4.0,105.0
2115.3664405546806,3.0,105.0
2115.3664405546806,4.0,104.0
2120.421666047724,4.0,105.0
2121.3464760267925,4.0,106.0
2124.2147286853133,4.0,107.0
2124.6050569323343,4.0,108.0
2125.9489735717552,3.0,108.0
2125.9489735717552,4.0,107.0
2127.0747967243774,4.0,108.0
2127.2971805197276,3.0,108.0
2127.2971805197276,4.0,107.0
2128.2783137432057,4.0,108.0
2129.0952709792823,4.0,109.0
2130.194033899794,3.0,109.0
2130.194033899794,4.0,108.0
2130.5536923393784,4.0,109.0
2131.232937057414,3.0,109.0
2131.232937057414,4.0,108.0
2134.031511391535,4.0,109.0
2134.5728117247504,4.0,110.0
2137.1376397208455,4.0,111.0
2137.692015228656,3.0,111.0
2137.692015228656,4.0,110.0
2141.478988922685,4.0,111.0
2142.2334527098224,4.0,112.0
2143.676434387091,4.0,113.0
2144.1625589540204,3.0,113.0
2144.1625589540204,4.0,112.0
2145.1750738475725,3.0,112.0
2145.1750738475725,4.0,111.0
2146.078718124402,4.0,112.0
2148.281202799105,4.0,113.0
2148.480382965659,4.0,114.0
2152.096017727852,4.0,115.0
2152.571443949726,4.0,116.0
2154.391905656903,3.0,116.0
2154.391905656903,4.0,115.0
2154.6692552585164,4.0,116.0
2155.2556029879247,4.0,117.0
2158.167696647419,4.0,118.0
2158.430745759694,3.0,118.0
2158.430745759694,4.0,117.0
2158.4777834364236,3.0,117.0
2158.4777834364236,4.0,116.0
2162.5108300569336,4.0,117.0
2164.8232277751235,4.0,118.0
2166.895422357258,3.0,118.0
2166.895422357258,4.0,117.0
2167.0646817269826,4.0,118.0
2167.8042892174417,4.0,119.0
2168.164931453424,3.0,119.0
2168.164931453424,4.0,118.0
2169.1819502363574,4.0,119.0
2171.293827871536,4.0,120.0
2171.578778379378,3.0,120.0
2171.578778379378,4.0,119.0
2171.754500082967,4.0,120.0
2173.7590425460176,3.0,120.0
2173.7590425460176,4.0,119.0
2175.242107876127,4.0,120.0
2176.5842479006824,3.0,120.0
2176.5842479006824,4.0,119.0
2176.94310250288,4.0,120.0
2180.570186272848,4.0,121.0
2180.961039452047,4.0,122.0
2182.3707248522737,3.0,122.0
2182.3707248522737,4.0,121.0
2183.500587935808,3.0,121.0
2183.500587935808,4.0,120.0
2184.703825587812,4.0,121.0
2187.476611060455,4.0,122.0
2188.620302342506,4.0,123.0
2192.0722579981993,3.0,123.0
2192.0722579981993,4.0,122.0
2192.5937428676516,4.0,123.0
2192.705451071758,4.0,124.0
2194.442663539864,3.0,124.0
2194.442663539864,4.0,123.0
2194.510713680408,3.0,123.0
2194.510713680408,4.0,122.0
2201.489344729163,4.0,123.0
2204.000830257418,3.0,123.0
2204.000830257418,4.0,122.0
2204.719134914084,4.0,123.0
2206.2594677081433,3.0,123.0
2206.2594677081433,4.0,122.0
2207.8953691779034,4.0,123.0
2209.883711790506,3.0,123.0
2209.883711790506,4.0,122.0
2211.0029373362345,4.0,123.0
2214.0225003617466,3.0,123.0
2214.0225003617466,4.0,122.0
2214.717189306624,4.0,123.0
2215.7712172838737,4.0,124.0
2222.0571315087877,4.0,125.0
2222.5565713863703,3.0,125.0
2222.5565713863703,4.0,124.0
2223.380612899464,3.0,124.0
2223.380612899464,4.0,123.0
2228.1626511078166,3.0,123.0
2228.1626511078166,4.0,122.0
2228.6801146455596,3.0,122.0
2228.6801146455596,4.0,121.0
2231.132626395449,3.0,121.0
2231.132626395449,4.0,120.0
2231.36659491201,4.0,121.0
2232.9711764324356,4.0,122.0
2233.5606466113704,3.0,122.0
2233.5606466113704,4.0,121.0
2236.1446003252013,4.0,122.0
2239.8875315245937,4.0,123.0
2240.459079771407,4.0,124.0
2242.6574976232523,4.0,125.0
2243.248414520493,4.0,126.0
2244.0634773079805,3.0,126.0
2244.0634773079805,4.0,125.0
2245.070028819514,4.0,126.0
2245.094069085559,3.0,126.0
2245.094069085559,4.0,125.0
2247.32121279731,3.0,125.0
2247.32121279731,4.0,124.0
2247.516486424678,4.0,125.0
2248.64816275618,3.0,125.0
2248.64816275618,4.0,124.0
2249.9442780922113,4.0,125.0
2251.08448424403,4.0,126.0
2251.60563308235,3.0,126.0
2251.60563308235,4.0,125.0
2254.3599065805734,4.0,126.0
2255.133430079235,4.0,127.0
2263.329009192807,3.0,127.0
2263.329009192807,4.0,126.0
2264.6104120934306,4.0,127.0
2270.1230614383817,4.0,128.0
2272.164429079724,3.0,128.0
2272.164429079724,4.0,127.0
2276.7647747171804,4.0,128.0
2278.765813946099,3.0,128.0
2278.765813946099,4.0,127.0
2279.207183341502,4.0,128.0
2280.0484349070125,4.0,129.0
2282.6692620123185,4.0,130.0
2283.169899446597,3.0,130.0
2283.169899446597,4.0,129.0
2283.9544959675945,3.0,129.0
2283.9544959675945,4.0,128.0
2284.3572661019607,3.0,128.0
2284.3572661019607,4.0,127.0
2286.7496788463573,4.0,128.0
2291.2230221207615,3.0,128.0
2291.2230221207615,4.0,127.0
2291.4270752008515,4.0,128.0
2295.0104099627383,4.0,129.0
2295.3082817330787,4.0,130.0
2295.7044503796888,3.0,130.0
2295.7044503796888,4.0,129.0
2298.110178873113,3.0,129.0
2298.110178873113,4.0,128.0
2304.1084032653657,4.0,129.0
2304.572574273962,4.0,130.0
2306.9005512896792,3.0,130.0
2306.9005512896792,4.0,129.0
2309.0837382059276,3.0,129.0
2309.0837382059276,4.0,128.0
2310.2122578414283,3.0,128.0
2310.2122578414283,4.0,127.0
2312.1501831505507,4.0,128.0
2313.012116161997,4.0,129.0
2315.1455957111484,4.0,130.0
2316.32970674359,3.0,130.0
2316.32970674359,4.0,129.0
2319.0773884265764,4.0,130.0
2319.2894798970615,4.0,131.0
2320.648575670962,3.0,131.0
2320.648575670962,4.0,130.0
2323.2868637091833,4.0,131.0
2323.4008848108374,4.0,132.0
2324.8212461323924,3.0,132.0
2324.8212461323924,4.0,131.0
2326.676859556715,3.0,131.0
2326.676859556715,4.0,130.0
2327.040004395358,4.0,131.0
2329.140617471551,4.0,132.0
2330.0741577787985,3.0,132.0
2330.0741577787985,4.0,131.0
2332.802780046486,3.0,131.0
2332.802780046486,4.0,130.0
2333.595268521411,4.0,131.0
2334.809306001119,4.0,132.0
2335.851858566539,3.0,132.0
2335.851858566539,4.0,131.0
2337.0817675200788,4.0,132.0
2337.869530140483,4.0,133.0
2341.7716165469637,3.0,133.0
2341.7716165469637,4.0,132.0
2347.483422061926,3.0,132.0
2347.483422061926,4.0,131.0
2349.9425499360905,4.0,132.0
2350.832119488716,4.0,133.0
2352.316021777936,4.0,134.0
2353.0035233569674,3.0,134.0
2353.0035233569674,4.0,133.0
2356.158651139761,4.0,134.0
2357.5453427055977,3.0,134.0
2357.5453427055977,4.0,133.0
2358.529031897829,4.0,134.0
2359.600158855353,4.0,135.0
2364.4220398174143,3.0,135.0
2364.4220398174143,4.0,134.0
2365.1822683562314,3.0,134.0
2365.1822683562314,4.0,133.0
2366.4747800494843,3.0,133.0
2366.4747800494843,4.0,132.0
2367.719734038613,4.0,133.0
2370.6973828298615,3.0,133.0
2370.6973828298615,4.0,132.0
2371.8620509259,3.0,132.0
2371.8620509259,4.0,131.0
2372.4490099591885,4.0,132.0
2373.1031787731313,3.0,132.0
2373.1031787731313,4.0,131.0
2373.4325271860102,3.0,131.0
2373.4325271860102,4.0,130.0
2375.4370627169374,4.0,131.0
2376.599753367769,3.0,131.0
2376.599753367769,4.0,130.0
2378.915049140133,4.0,131.0
2380.630584320387,4.0,132.0
2384.3727800321853,3.0,132.0
2384.3727800321853,4.0,131.0
2385.2113075798657,3.0,131.0
2385.2113075798657,4.0,130.0
2386.1628506231227,3.0,130.0
2386.1628506231227,4.0,129.0
2387.9404930034684,4.0,130.0
2388.3295560375327,4.0,131.0
2391.0868475901493,4.0,132.0
2392.1320589855254,4.0,133.0
2395.194563172829,3.0,133.0
2395.194563172829,4.0,132.0
2395.6030073243596,4.0,133.0
2397.069325859726,3.0,133.0
2397.069325859726,4.0,132.0
2399.0246967929465,4.0,133.0
2399.4714145625694,3.0,133.0
2399.4714145625694,4.0,132.0
2402.0883104239133,4.0,133.0
2404.0373528989826,4.0,134.0
2404.1760347717604,3.0,134.0
2404.1760347717604,4.0,133.0
2406.001475740816,4.0,134.0
2406.7920616701485,3.0,134.0
2406.7920616701485,4.0,133.0
2407.2363742601024,3.0,133.0
2407.2363742601024,4.0,132.0
2408.0248286696906,4.0,133.0
2408.9229623873193,4.0,134.0
2409.3822502720873,3.0,134.0
2409.3822502720873,4.0,133.0
2410.667512886719,3.0,133.0
2410.667512886719,4.0,132.0
2411.645407045735,4.0,133.0
2412.1752911999088,4.0,134.0
2416.0781839622796,4.0,135.0
2417.3337185366945,3.0,135.0
2417.3337185366945,4.0,134.0
2418.092994774874,3.0,134.0
2418.092994774874,4.0,133.0
2418.687012877325,4.0,134.0
2419.554839639596,4.0,135.0
2420.3087601174793,3.0,135.0
2420.3087601174793,4.0,134.0
2421.9244192055603,4.0,135.0
2422.294490401273,4.0,136.0
2424.56411427145,4.0,137.0
2425.3047339887617,3.0,137.0
2425.3047339887617,4.0,136.0
2427.0939689805496,4.0,137.0
2430.5906169860878,3.0,137.0
2430.5906169860878,4.0,136.0
2430.939677105803,4.0,137.0
2431.4338224976323,3.0,137.0
2431.4338224976323,4.0,136.0
2431.7679226666237,3.0,136.0
2431.7679226666237,4.0,135.0
2432.3315579933337,3.0,135.0
2432.3315579933337,4.0,134.0
2434.696447263681,4.0,135.0
2436.315663918003,4.0,136.0
2439.2111742751204,3.0,136.0
2439.2111742751204,4.0,135.0
2441.523357708552,4.0,136.0
2445.449957096327,4.0,137.0
2446.503981439963,4.0,138.0
2447.7145811296164,3.0,138.0
2447.7145811296164,4.0,137.0
2449.8702281161127,4.0,138.0
2451.836255478421,4.0,139.0
2452.8768484837474,3.0,139.0
2452.8768484837474,4.0,138.0
2454.04371951137,4.0,139.0
2454.369867727037,4.0,140.0
2456.8789166007086,4.0,141.0
2457.53843421885,4.0,142.0
2457.630187374918,3.0,142.0
2457.630187374918,4.0,141.0
2460.947123056694,4.0,142.0
2462.018524643351,3.0,142.0
2462.018524643351,4.0,141.0
2462.5859762131236,4.0,142.0
2463.9375795955348,4.0,143.0
2464.7719853131143,3.0,143.0
2464.7719853131143,4.0,142.0
2467.995251934572,4.0,143.0
2468.116396495824,3.0,143.0
2468.116396495824,4.0,142.0
2468.3383968933185,4.0,143.0
2470.534213795101,3.0,143.0
2470.534213795101,4.0,142.0
2470.573846106056,4.0,143.0
2473.0248612272426,4.0,144.0
2473.4045213160593,4.0,145.0
2475.7371621561365,4.0,146.0
2477.9556108098222,4.0,147.0
2478.100116238128,4.0,148.0
2479.589405765566,3.0,148.0
2479.589405765566,4.0,147.0
2479.960957025894,3.0,147.0
2479.960957025894,4.0,146.0
2481.219146548954,3.0,146.0
2481.219146548954,4.0,145.0
2482.5691739704957,4.0,146.0
2484.947397844138,4.0,147.0
2485.8519591459517,3.0,147.0
2485.8519591459517,4.0,146.0
2487.2201884553488,4.0,147.0
2491.7039504098416,4.0,148.0
2492.0501310787868,3.0,148.0
2492.0501310787868,4.0,147.0
2493.1569189486904,3.0,147.0
2493.1569189486904,4.0,146.0
2493.705450822623,3.0,146.0
2493.705450822623,4.0,145.0
2495.4375328302704,4.0,146.0
2495.7464237993977,4.0,147.0
2497.7669902637035,4.0,148.0
2499.5267423966307,4.0,149.0
2500.732165872624,4.0,150.0
2502.3024253878266,3.0,150.0
2502.3024253878266,4.0,149.0
2502.4271053984485,3.0,149.0
2502.4271053984485,4.0,148.0
2504.7125082496773,4.0,149.0
2505.02483490905,4.0,150.0
2505.9214049121088,3.0,150.0
2505.9214049121088,4.0,149.0
2507.9680116879967,4.0,150.0
2512.515370511337,4.0,151.0
2514.0080874971104,3.0,151.0
2514.0080874971104,4.0,150.0
2517.716518132952,4.0,151.0
2518.4917473049973,3.0,151.0
2518.4917473049973,4.0,150.0
2518.8334693041006,4.0,151.0
2520.9551889739178,3.0,151.0
2520.9551889739178,4.0,150.0
2523.075017922341,4.0,151.0
2524.8726361471786,3.0,151.0
2524.8726361471786,4.0,150.0
2526.4789075549866,3.0,150.0
2526.4789075549866,4.0,149.0
2527.290367857716,3.0,149.0
2527.290367857716,4.0,148.0
2529.0659908113767,3.0,148.0
2529.0659908113767,4.0,147.0
2530.683218890067,4.0,148.0
2534.4330007871167,4.0,149.0
2534.782442386796,3.0,149.0
2534.782442386796,4.0,148.0
2539.0352775514584,3.0,148.0
2539.0352775514584,4.0,147.0
2542.0190914387085,3.0,147.0
2542.0190914387085,4.0,146.0
2543.3370842779395,3.0,146.0
2543.3370842779395,4.0,145.0
2543.338404253768,4.0,146.0
2545.9217902151167,3.0,146.0
2545.9217902151167,4.0,145.0
2548.2805181588583,4.0,146.0
2548.540017924516,3.0,146.0
2548.540017924516,4.0,145.0
2550.370309130762,4.0,146.0
2551.151452297564,4.0,147.0
2552.9476565710065,3.0,147.0
2552.9476565710065,4.0,146.0
2554.858036286862,3.0,146.0
2554.858036286862,4.0,145.0
2554.8834010438177,4.0,146.0
2557.5187304242736,3.0,146.0
2557.5187304242736,4.0,145.0
2557.6940558655388,3.0,145.0
2557.6940558655388,4.0,144.0
2559.345430266014,4.0,145.0
2559.4983158026816,3.0,145.0
2559.4983158026816,4.0,144.0
2560.685131570682,3.0,144.0
2560.685131570682,4.0,143.0
2562.3169928642633,3.0,143.0
2562.3169928642633,4.0,142.0
2564.057433696859,4.0,143.0
2566.1613675094136,3.0,143.0
2566.1613675094136,4.0,142.0
2567.2057502737953,3.0,142.0
2567.2057502737953,4.0,141.0
2570.209023072261,4.0,142.0
2570.8044682348573,3.0,142.0
2570.8044682348573,4.0,141.0
2575.9427480175978,3.0,141.0
2575.9427480175978,4.0,140.0
2576.1217659247445,4.0,141.0
2577.1008645359348,3.0,141.0
2577.1008645359348,4.0,140.0
2578.5443810259612,4.0,141.0
2581.758010423395,3.0,141.0
2581.758010423395,4.0,140.0
2581.846123389456,4.0,141.0
2582.5358197370547,4.0,142.0
2585.9619908712866,3.0,142.0
2585.9619908712866,4.0,141.0
2587.945935083976,4.0,142.0
2588.423222124346,3.0,142.0
2588.423222124346,4.0,141.0
2590.416657949604,4.0,142.0
2591.1215777917514,3.0,142.0
2591.1215777917514,4.0,141.0
2592.374338020341,3.0,141.0
2592.374338020341,4.0,140.0
2593.570800101983,4.0,141.0
2594.4092124685953,4.0,142.0
2597.4799937531,4.0,143.0
2597.655671569983,3.0,143.0
2597.655671569983,4.0,142.0
2599.2300290458943,4.0,143.0
2600.3404927247902,4.0,144.0
2603.5313111136643,4.0,145.0
2604.06936799803,3.0,145.0
2604.06936799803,4.0,144.0
2605.60000961073,4.0,145.0
2607.1152653910044,3.0,145.0
2607.1152653910044,4.0,144.0
2608.007892860771,3.0,144.0
2608.007892860771,4.0,143.0
2608.2273834661937,4.0,144.0
2611.7997016915315,3.0,144.0
2611.7997016915315,4.0,143.0
2612.9181273075383,3.0,143.0
2612.9181273075383,4.0,142.0
2615.507293453836,3.0,142.0
2615.507293453836,4.0,141.0
2615.611281935959,3.0,141.0
2615.611281935959,4.0,140.0
2617.734173835786,3.0,140.0
2617.734173835786,4.0,139.0
2617.7703654827687,4.0,140.0
2619.626192612237,4.0,141.0
2625.4895266206036,4.0,142.0
2628.0805115032163,3.0,142.0
2628.0805115032163,4.0,141.0
2628.210064208571,4.0,142.0
2630.557823799451,4.0,143.0
2632.091045434326,3.0,143.0
2632.091045434326,4.0,142.0
2636.241461731659,4.0,143.0
2636.3577618455665,4.0,144.0
2636.730238004,3.0,144.0
2636.730238004,4.0,143.0
2638.312340189895,3.0,143.0
2638.312340189895,4.0,142.0
2639.3576862019886,4.0,143.0
2639.358439848992,3.0,143.0
2639.358439848992,4.0,142.0
2641.0762398836687,4.0,143.0
2643.0568895638535,3.0,143.0
2643.0568895638535,4.0,142.0
2643.492161795651,4.0,143.0
2644.910765119561,4.0,144.0
2647.3167821467755,3.0,144.0
2647.3167821467755,4.0,143.0
2649.275285971152,4.0,144.0
2649.8419432678074,4.0,145.0
2652.1547700625883,4.0,146.0
2655.434449910613,3.0,146.0
2655.434449910613,4.0,145.0
2656.5927700977604,4.0,146.0
2656.808065581514,3.0,146.0
2656.808065581514,4.0,145.0
2657.118226070334,3.0,145.0
2657.118226070334,4.0,144.0
2659.4058135381183,4.0,145.0
2663.6492832311033,4.0,146.0
2664.947667151924,4.0,147.0
2666.960368982879,4.0,148.0
2669.1427463582127,3.0,148.0
2669.1427463582127,4.0,147.0
2671.802881437476,3.0,147.0
2671.802881437476,4.0,146.0
2671.8399352007496,3.0,146.0
2671.8399352007496,4.0,145.0
2672.005641563245,4.0,146.0
2672.2429468962105,4.0,147.0
2678.185545347238,3.0,147.0
2678.185545347238,4.0,146.0
2678.3189556511666,4.0,147.0
2683.458198223443,3.0,147.0
2683.458198223443,4.0,146.0
2685.4502592486156,4.0,147.0
2686.371910850647,4.0,148.0
2688.170596100074,4.0,149.0
2689.3728031457767,3.0,149.0
2689.3728031457767,4.0,148.0
2692.462201610512,4.0,149.0
2698.6508887582454,4.0,150.0
2698.954106902134,4.0,151.0
2700.4460816951164,3.0,151.0
2700.4460816951164,4.0,150.0
2702.5775627751664,4.0,151.0
2705.509950956124,3.0,151.0
2705.509950956124,4.0,150.0
2706.820067704425,3.0,150.0
2706.820067704425,4.0,149.0
2708.4404564279316,4.0,150.0
2709.243085061839,4.0,151.0
2712.4625624218793,3.0,151.0
2712.4625624218793,4.0,150.0
2718.0213878323298,4.0,151.0
2722.3265888136502,4.0,152.0
2724.454565141327,3.0,152.0
2724.454565141327,4.0,151.0
2724.807370469559,3.0,151.0
2724.807370469559,4.0,150.0
2725.889286779962,4.0,151.0
2727.6494589012887,4.0,152.0
2728.7910411879398,4.0,153.0
2729.839121043385,4.0,154.0
2730.579214651861,3.0,154.0
2730.579214651861,4.0,153.0
2731.3072530459895,3.0,153.0
2731.3072530459895,4.0,152.0
2735.701337212338,4.0,153.0
2740.9351983481,3.0,153.0
2740.9351983481,4.0,152.0
2741.7318330863213,3.0,152.0
2741.7318330863213,4.0,151.0
2744.1653361968133,4.0,152.0
2744.31306917495,4.0,153.0
2746.0045120611294,3.0,153.0
2746.0045120611294,4.0,152.0
2750.345008659964,3.0,152.0
2750.345008659964,4.0,151.0
2750.750259058652,4.0,152.0
2752.728851641827,3.0,152.0
2752.728851641827,4.0,151.0
2753.985799304533,4.0,152.0
2756.0726916403946,4.0,153.0
2756.4862820038666,3.0,153.0
2756.4862820038666,4.0,152.0
2765.284265402471,3.0,152.0
2765.284265402471,4.0,151.0
2766.102981423598,4.0,152.0
2772.4335195420394,3.0,152.0
2772.4335195420394,4.0,151.0
2773.0940897894943,3.0,151.0
2773.0940897894943,4.0,150.0
2774.4081795741017,4.0,151.0
2774.8204581485397,4.0,152.0
2777.0320286793303,4.0,153.0
2778.306638894893,3.0,153.0
2778.306638894893,4.0,152.0
2779.2214688859217,4.0,153.0
2781.2128329769753,4.0,154.0
2781.940157005168,4.0,155.0
2784.017682174161,4.0,156.0
2790.4110833475975,4.0,157.0
2791.577693364544,4.0,158.0
2792.067860445282,3.0,158.0
2792.067860445282,4.0,157.0
2792.4000605123742,3.0,157.0
2792.4000605123742,4.0,156.0
2793.708222866671,3.0,156.0
2793.708222866671,4.0,155.0
2795.3381448184173,3.0,155.0
2795.3381448184173,4.0,154.0
2795.514338501237,3.0,154.0
2795.514338501237,4.0,153.0
2797.0209873219956,4.0,154.0
2797.6976492548615,3.0,154.0
2797.6976492548615,4.0,153.0
2798.595424698475,4.0,154.0
2802.4942137413427,4.0,155.0
2802.964286128106,3.0,155.0
2802.964286128106,4.0,154.0
2803.099035964356,4.0,155.0
2806.2691951886586,4.0,156.0
2807.353400737922,4.0,157.0
2808.1367814493447,3.0,157.0
2808.1367814493447,4.0,156.0
2811.067556643841,4.0,157.0
2813.0271314548168,4.0,158.0
2814.355149628128,4.0,159.0
2816.7978758134595,4.0,160.0
2817.016988080052,3.0,160.0
2817.016988080052,4.0,159.0
2819.2983743090185,3.0,159.0
2819.2983743090185,4.0,158.0
2820.6771982009905,3.0,158.0
2820.6771982009905,4.0,157.0
2824.894775209475,4.0,158.0
2825.151387223159,3.0,158.0
2825.151387223159,4.0,157.0
2826.5164600328617,3.0,157.0
2826.5164600328617,4.0,156.0
2826.9164860410574,4.0,157.0
2830.4781076664085,3.0,157.0
2830.4781076664085,4.0,156.0
2835.9287247148377,3.0,156.0
2835.9287247148377,4.0,155.0
2836.0520741273644,3.0,155.0
2836.0520741273644,4.0,154.0
2837.5001543171684,3.0,154.0
2837.5001543171684,4.0,153.0
2837.9437600542583,4.0,154.0
2838.27095503676,4.0,155.0
2839.0892573360097,3.0,155.0
2839.0892573360097,4.0,154.0
2843.826690674901,4.0,155.0
2844.7581221001665,4.0,156.0
2844.779803918966,3.0,156.0
2844.779803918966,4.0,155.0
2846.4720719688094,3.0,155.0
2846.4720719688094,4.0,154.0
2847.6861171658516,4.0,155.0
2848.624993617728,3.0,155.0
2848.624993617728,4.0,154.0
2849.930816694599,4.0,155.0
2850.2160233447357,4.0,156.0
2851.6353831437177,3.0,156.0
2851.6353831437177,4.0,155.0
2855.2453018839597,3.0,155.0
2855.2453018839597,4.0,154.0
2856.9302970491417,3.0,154.0
2856.9302970491417,4.0,153.0
2857.055535945734,3.0,153.0
2857.055535945734,4.0,152.0
2858.8096543774645,4.0,153.0
2863.1224305967853,3.0,153.0
2863.1224305967853,4.0,152.0
2864.4323645599748,3.0,152.0
2864.4323645599748,4.0,151.0
2865.523560653967,4.0,152.0
2866.184048030139,3.0,152.0
2866.184048030139,4.0,151.0
2868.1812301124833,3.0,151.0
2868.1812301124833,4.0,150.0
2869.296034505248,4.0,151.0
2869.4897894456412,4.0,152.0
2874.2874290098803,3.0,152.0
2874.2874290098803,4.0,151.0
2874.780478431293,4.0,152.0
2875.472263187407,3.0,152.0
2875.472263187407,4.0,151.0
2875.846101064136,4.0,152.0
2877.7403780993372,4.0,153.0
2878.404055088697,3.0,153.0
2878.404055088697,4.0,152.0
2881.468455857667,3.0,152.0
2881.468455857667,4.0,151.0
2883.9268012662615,3.0,151.0
2883.9268012662615,4.0,150.0
2887.1713631335415,4.0,151.0
2887.7010756169784,4.0,152.0
2890.352963151473,3.0,152.0
2890.352963151473,4.0,151.0
2890.732239660124,4.0,152.0
2892.9488715052307,4.0,153.0
2893.7058464078186,4.0,154.0
2896.6310691868894,4.0,155.0
2897.647598772873,3.0,155.0
2897.647598772873,4.0,154.0
2900.2943700412825,3.0,154.0
2900.2943700412825,4.0,153.0
2902.8619059833677,4.0,154.0
2904.870361471213,3.0,154.0
2904.870361471213,4.0,153.0
2905.1092637031315,3.0,153.0
2905.1092637031315,4.0,152.0
2907.8613450791895,3.0,152.0
2907.8613450791895,4.0,151.0
2908.9167770912704,4.0,152.0
2909.5027241059915,4.0,153.0
2912.8823113457956,3.0,153.0
2912.8823113457956,4.0,152.0
2913.0159120770995,3.0,152.0
2913.0159120770995,4.0,151.0
2914.0581351333394,3.0,151.0
2914.0581351333394,4.0,150.0
2917.9142608052975,3.0,150.0
2917.9142608052975,4.0,149.0
2918.008369596782,3.0,149.0
2918.008369596782,4.0,148.0
2918.7437235996754,4.0,149.0
2919.4300590882335,3.0,149.0
2919.4300590882335,4.0,148.0
2919.815031752269,4.0,149.0
2921.08488821193,3.0,149.0
2921.08488821193,4.0,148.0
2922.2917780919274,3.0,148.0
2922.2917780919274,4.0,147.0
2924.202955257923,3.0,147.0
2924.202955257923,4.0,146.0
2924.785810777345,4.0,147.0
2925.517648118567,3.0,147.0
2925.517648118567,4.0,146.0
2926.0766996301772,4.0,147.0
2927.9267340341803,4.0,148.0
2930.8842239422925,3.0,148.0
2930.8842239422925,4.0,147.0
2931.4610838539074,4.0,148.0
2933.277565095941,3.0,148.0
2933.277565095941,4.0,147.0
2933.89649549176,4.0,148.0
2936.2572292203395,4.0,149.0
2937.11832508707,3.0,149.0
2937.11832508707,4.0,148.0
2938.0048717206996,3.0,148.0
2938.0048717206996,4.0,147.0
2938.1080685926977,4.0,148.0
2940.910187404668,4.0,149.0
2940.950667885088,3.0,149.0
2940.950667885088,4.0,148.0
2941.6588173859427,3.0,148.0
2941.6588173859427,4.0,147.0
2943.5016633616983,4.0,148.0
2944.7520569962785,4.0,149.0
2948.2214730979877,3.0,149.0
2948.2214730979877,4.0,148.0
2955.964702981218,3.0,148.0
2955.964702981218,4.0,147.0
2963.060760478576,3.0,147.0
2963.060760478576,4.0,146.0
2965.937783855255,4.0,147.0
2967.350383719912,3.0,147.0
2967.350383719912,4.0,146.0
2968.2265125923104,4.0,147.0
2969.0485833700486,3.0,147.0
2969.0485833700486,4.0,146.0
2969.0847688557637,3.0,146.0
2969.0847688557637,4.0,145.0
2971.4192105434327,4.0,146.0
2971.8688305635537,3.0,146.0
2971.8688305635537,4.0,145.0
2974.5091561353624,4.0,146.0
2977.123878486181,4.0,147.0
2977.7517486407837,3.0,147.0
2977.7517486407837,4.0,146.0
2978.778890084567,4.0,147.0
2983.9022260942616,3.0,147.0
2983.9022260942616,4.0,146.0
2987.113504247592,4.0,147.0
2987.6060590501734,3.0,147.0
2987.6060590501734,4.0,146.0
2989.19500848849,3.0,146.0
2989.19500848849,4.0,145.0
2991.5187475676207,4.0,146.0
2992.1629783209273,4.0,147.0
2992.569701094302,3.0,147.0
2992.569701094302,4.0,146.0
2993.7613939681105,4.0,147.0
2994.465846881268,4.0,148.0
2994.5105861088664,3.0,148.0
2994.5105861088664,4.0,147.0
2997.0954581506703,3.0,147.0
2997.0954581506703,4.0,146.0
2998.0129543846883,4.0,147.0
3000.0642418325792,4.0,148.0
3002.0065656050388,4.0,149.0
3004.8008597704443,4.0,150.0
3006.697527335373,4.0,151.0
3008.2039290126468,3.0,151.0
3008.2039290126468,4.0,150.0
3014.083020498029,3.0,150.0
3014.083020498029,4.0,149.0
3014.268108503454,3.0,149.0
3014.268108503454,4.0,148.0
3015.148372426529,4.0,149.0
3015.2346153441736,4.0,150.0
3015.3268478075597,3.0,150.0
3015.3268478075597,4.0,149.0
3017.502733524632,3.0,149.0
3017.502733524632,4.0,148.0
3017.982155632844,3.0,148.0
3017.982155632844,4.0,147.0
3019.1200566954003,4.0,148.0
3019.2305981757663,4.0,149.0
3020.7974258653953,3.0,149.0
3020.7974258653953,4.0,148.0
3021.291090418928,4.0,149.0
3025.4471494662357,4.0,150.0
3026.9009861431073,4.0,151.0
3027.461787722369,3.0,151.0
3027.461787722369,4.0,150.0
3028.608812364216,3.0,150.0
3028.608812364216,4.0,149.0
3028.6358517155013,3.0,149.0
3028.6358517155013,4.0,148.0
3029.9118565699778,4.0,149.0
3029.9277781346927,4.0,150.0
3033.75036780245,4.0,151.0
3034.1410774237097,3.0,151.0
3034.1410774237097,4.0,150.0
3035.011142422343,3.0,150.0
3035.011142422343,4.0,149.0
3042.620114934657,3.0,149.0
3042.620114934657,4.0,148.0
3043.2327871268258,3.0,148.0
3043.2327871268258,4.0,147.0
3043.3210288449623,4.0,148.0
3045.253554928269,4.0,149.0
3047.3157606506356,3.0,149.0
3047.3157606506356,4.0,148.0
3047.630009319161,4.0,149.0
3049.832552258142,4.0,150.0
3050.2899729875708,4.0,151.0
3050.5066351913724,3.0,151.0
3050.5066351913724,4.0,150.0
3053.26855911883,3.0,150.0
3053.26855911883,4.0,149.0
3053.628964053166,4.0,150.0
3056.19433017253,4.0,151.0
3058.6459149946963,3.0,151.0
3058.6459149946963,4.0,150.0
3058.8805357091505,4.0,151.0
3059.4370911591127,4.0,152.0
3059.9626344279086,3.0,152.0
3059.9626344279086,4.0,151.0
3061.8969908586014,4.0,152.0
3062.1712401995997,4.0,153.0
3063.432299125041,3.0,153.0
3063.432299125041,4.0,152.0
3063.6373133712505,3.0,152.0
3063.6373133712505,4.0,151.0
3064.076769093284,4.0,152.0
3065.4151309265767,4.0,153.0
3070.8508990818473,4.0,154.0
3071.6336533217386,4.0,155.0
3074.0639841538987,4.0,156.0
3074.666656845828,4.0,157.0
3075.557287988553,3.0,157.0
3075.557287988553,4.0,156.0
3076.957384290443,3.0,156.0
3076.957384290443,4.0,155.0
3077.2795705344365,4.0,156.0
3077.5820810888645,4.0,157.0
3079.7744806752103,4.0,158.0
3080.8347101058444,3.0,158.0
3080.8347101058444,4.0,157.0
3082.2024214475837,4.0,158.0
3082.691822419818,4.0,159.0
3090.0261142058434,3.0,159.0
3090.0261142058434,4.0,158.0
3092.10588984531,4.0,159.0
3093.917329998242,4.0,160.0
3095.168455449998,3.0,160.0
3095.168455449998,4.0,159.0
3099.830253729687,3.0,159.0
3099.830253729687,4.0,158.0
3100.992750385672,4.0,159.0
3101.2896319773454,3.0,159.0
3101.2896319773454,4.0,158.0
3101.494131582896,4.0,159.0
3101.701837516343,3.0,159.0
3101.701837516343,4.0,158.0
3103.391791914525,4.0,159.0
3105.4285767663455,3.0,159.0
3105.4285767663455,4.0,158.0
3105.573288225732,4.0,159.0
3106.0163341069847,3.0,159.0
3106.0163341069847,4.0,158.0
3107.5280281783803,4.0,159.0
3110.137294504515,4.0,160.0
3112.279581371642,4.0,161.0
3112.735008840808,3.0,161.0
3112.735008840808,4.0,160.0
3114.4011246935224,3.0,160.0
3114.4011246935224,4.0,159.0
3114.698653207599,4.0,160.0
3116.013431374328,4.0,161.0
3118.1069002392273,4.0,162.0
3120.2789044580272,3.0,162.0
3120.2789044580272,4.0,161.0
3120.8535432350627,4.0,162.0
3121.116584204446,4.0,163.0
3124.2153297769996,4.0,164.0
3124.5606835175113,3.0,164.0
3124.5606835175113,4.0,163.0
3124.6906740636787,3.0,163.0
3124.6906740636787,4.0,162.0
3125.221745421663,3.0,162.0
3125.221745421663,4.0,161.0
3127.5927195391155,4.0,162.0
3127.658974996169,4.0,163.0
3131.5443946397663,3.0,163.0
3131.5443946397663,4.0,162.0
3135.108756756706,4.0,163.0
3136.8559021188375,4.0,164.0
3139.93704852628,3.0,164.0
3139.93704852628,4.0,163.0
3140.809266740637,4.0,164.0
3142.153181577986,4.0,165.0
3145.641128254755,4.0,166.0
3147.0676277602515,3.0,166.0
3147.0676277602515,4.0,165.0
3147.2672331187455,4.0,166.0
3147.647246602088,3.0,166.0
3147.647246602088,4.0,165.0
3149.606183222481,3.0,165.0
3149.606183222481,4.0,164.0
3150.3442035722846,4.0,165.0
3150.79002345436,4.0,166.0
3152.558467252141,3.0,166.0
3152.558467252141,4.0,165.0
3153.9730679476615,3.0,165.0
3153.9730679476615,4.0,164.0
3154.877664127571,4.0,165.0
3155.2341659998315,3.0,165.0
3155.2341659998315,4.0,164.0
3155.234414754911,4.0,165.0
3157.2567931158856,4.0,166.0
3157.383129712523,4.0,167.0
3158.9356454621616,3.0,167.0
3158.9356454621616,4.0,166.0
3159.297374319283,3.0,166.0
3159.297374319283,4.0,165.0
3159.311072373227,4.0,166.0
3159.536047323849,3.0,166.0
3159.536047323849,4.0,165.0
3164.087086012628,3.0,165.0
3164.087086012628,4.0,164.0
3167.531211006577,4.0,165.0
3168.0607461903787,4.0,166.0
3169.7802792627367,3.0,166.0
3169.7802792627367,4.0,165.0
3172.0109717485643,4.0,166.0
3175.1589710200246,3.0,166.0
3175.1589710200246,4.0,165.0
3176.515977485308,4.0,166.0
3177.797342147854,3.0,166.0
3177.797342147854,4.0,165.0
3178.8796171483423,4.0,166.0
3179.5663103605084,4.0,167.0
3180.869441344743,3.0,167.0
3180.869441344743,4.0,166.0
3183.5019804046697,3.0,166.0
3183.5019804046697,4.0,165.0
3185.6370399518496,4.0,166.0
3186.7260202813513,3.0,166.0
3186.7260202813513,4.0,165.0
3189.8557658957766,4.0,166.0
3191.281137156805,3.0,166.0
3191.281137156805,4.0,165.0
3192.299448759977,4.0,166.0
3194.649399586842,3.0,166.0
3194.649399586842,4.0,165.0
3194.8154459206066,4.0,166.0
3199.2268294171736,4.0,167.0
3200.886922977331,3.0,167.0
3200.886922977331,4.0,166.0
3200.887750186661,3.0,166.0
3200.887750186661,4.0,165.0
3202.7620092805714,4.0,166.0
3204.8782275414746,4.0,167.0
3207.9848695270803,3.0,167.0
3207.9848695270803,4.0,166.0
3210.080383583617,3.0,166.0
3210.080383583617,4.0,165.0
3214.7592933765577,3.0,165.0
3214.7592933765577,4.0,164.0
3217.0147151745923,3.0,164.0
3217.0147151745923,4.0,163.0
3218.067452115183,4.0,164.0
3220.70081062193,3.0,164.0
3220.70081062193,4.0,163.0
3222.082210886719,3.0,163.0
3222.082210886719,4.0,162.0
3224.336624733426,3.0,162.0
3224.336624733426,4.0,161.0
3224.4300553075213,4.0,162.0
3224.570740461202,4.0,163.0
3225.7260017368426,3.0,163.0
3225.7260017368426,4.0,162.0
3226.8694602397654,3.0,162.0
3226.8694602397654,4.0,161.0
3227.33752338296,4.0,162.0
3228.5547490954646,4.0,163.0
3231.240619936795,3.0,163.0
3231.240619936795,4.0,162.0
3231.717265963897,3.0,162.0
3231.717265963897,4.0,161.0
3232.025315158377,4.0,162.0
3232.226676959225,4.0,163.0
3235.4341982760952,3.0,163.0
3235.4341982760952,4.0,162.0
3239.246173762205,4.0,163.0
3240.651769691093,3.0,163.0
3240.651769691093,4.0,162.0
3241.748500460229,4.0,163.0
3245.0579861019964,3.0,163.0
3245.0579861019964,4.0,162.0
3248.812142296067,4.0,163.0
3249.170362461065,4.0,164.0
3253.041090497668,4.0,165.0
3253.1894202694557,3.0,165.0
3253.1894202694557,4.0,164.0
3262.41351835122,3.0,164.0
3262.41351835122,4.0,163.0
3263.2297566581497,3.0,163.0
3263.2297566581497,4.0,162.0
3264.855424440333,4.0,163.0
3266.014754926548,4.0,164.0
3268.015766318163,4.0,165.0
3268.762027050111,4.0,166.0
3270.196138459719,3.0,166.0
3270.196138459719,4.0,165.0
3270.936022797606,3.0,165.0
3270.936022797606,4.0,164.0
3272.0327756086726,4.0,165.0
3274.588182446332,3.0,165.0
3274.588182446332,4.0,164.0
3274.8820181852516,4.0,165.0
3275.457908703579,4.0,166.0
3276.027204747192,3.0,166.0
3276.027204747192,4.0,165.0
3279.0738918626985,4.0,166.0
3279.6961864180894,4.0,167.0
3279.909965672688,3.0,167.0
3279.909965672688,4.0,166.0
3282.373382543549,3.0,166.0
3282.373382543549,4.0,165.0
3283.1091070103826,3.0,165.0
3283.1091070103826,4.0,164.0
3285.776114123993,4.0,165.0
3285.784748721565,4.0,166.0
3288.1091211652397,4.0,167.0
3290.5344599733594,3.0,167.0
3290.5344599733594,4.0,166.0
3291.883985266775,3.0,166.0
3291.883985266775,4.0,165.0
3291.9611635212245,4.0,166.0
3294.0525162841595,3.0,166.0
3294.0525162841595,4.0,165.0
3301.7099727909535,3.0,165.0
3301.7099727909535,4.0,164.0
3304.585427783654,3.0,164.0
3304.585427783654,4.0,163.0
3306.2028230587894,3.0,163.0
3306.2028230587894,4.0,162.0
3306.386171114702,3.0,162.0
3306.386171114702,4.0,161.0
3306.511203280986,4.0,162.0
3314.928369949828,3.0,162.0
3314.928369949828,4.0,161.0
3318.606883285089,3.0,161.0
3318.606883285089,4.0,160.0
3323.699247893015,3.0,160.0
3323.699247893015,4.0,159.0
3326.042801099374,3.0,159.0
3326.042801099374,4.0,158.0
3330.1369099344824,3.0,158.0
3330.1369099344824,4.0,157.0
3332.234651708877,3.0,157.0
3332.234651708877,4.0,156.0
3334.2363128315574,3.0,156.0
3334.2363128315574,4.0,155.0
3336.9905830100047,3.0,155.0
3336.9905830100047,4.0,154.0
3338.1828508564,3.0,154.0
3338.1828508564,4.0,153.0
3339.805964399421,3.0,153.0
3339.805964399421,4.0,152.0
3344.289008390402,3.0,152.0
3344.289008390402,4.0,151.0
3349.866507629427,3.0,151.0
3349.866507629427,4.0,150.0
3357.769588404222,3.0,150.0
3357.769588404222,4.0,149.0
3365.80634147393,3.0,149.0
3365.80634147393,4.0,148.0
3365.8302687012006,3.0,148.0
3365.8302687012006,4.0,147.0
3367.7388092115184,3.0,147.0
3367.7388092115184,4.0,146.0
3368.700092317361,3.0,146.0
3368.700092317361,4.0,145.0
3377.2548470472193,3.0,145.0
3377.2548470472193,4.0,144.0
3378.501860145221,3.0,144.0
3378.501860145221,4.0,143.0
3380.3417314689564,3.0,143.0
3380.3417314689564,4.0,142.0
3384.952441417523,3.0,142.0
3384.952441417523,4.0,141.0
3385.952496068744,3.0,141.0
3385.952496068744,4.0,140.0
3400.7897850193744,3.0,140.0
3400.7897850193744,4.0,139.0
3400.9651881415994,3.0,139.0
3400.9651881415994,4.0,138.0
3401.9635572630036,3.0,138.0
3401.9635572630036,4.0,137.0
3404.429984012575,3.0,137.0
3404.429984012575,4.0,136.0
3405.4236143439334,3.0,136.0
3405.4236143439334,4.0,135.0
3407.8626524113233,3.0,135.0
3407.8626524113233,4.0,134.0
3410.263547786123,3.0,134.0
3410.263547786123,4.0,133.0
3411.488353411646,3.0,133.0
3411.488353411646,4.0,132.0
3412.7636551585347,3.0,132.0
3412.7636551585347,4.0,131.0
3415.46266888157,3.0,131.0
3415.46266888157,4.0,130.0
3416.10967243716,3.0,130.0
3416.10967243716,4.0,129.0
3418.0852024944447,3.0,129.0
3418.0852024944447,4.0,128.0
3418.5968634507585,3.0,128.0
3418.5968634507585,4.0,127.0
3421.8280510664827,3.0,127.0
3421.8280510664827,4.0,126.0
3426.901377795958,3.0,126.0
3426.901377795958,4.0,125.0
3429.225845888512,3.0,125.0
3429.225845888512,4.0,124.0
3429.241794192893,3.0,124.0
3429.241794192893,4.0,123.0
3430.9749457001767,3.0,123.0
3430.9749457001767,4.0,122.0
3432.970484937034,3.0,122.0
3432.970484937034,4.0,121.0
3436.3691239747486,3.0,121.0
3436.3691239747486,4.0,120.0
3438.156953860681,3.0,120.0
3438.156953860681,4.0,119.0
3438.718523059945,3.0,119.0
3438.718523059945,4.0,118.0
3442.3500068233348,3.0,118.0
3442.3500068233348,4.0,117.0
3445.029308090718,3.0,117.0
3445.029308090718,4.0,116.0
3450.420482947796,3.0,116.0
3450.420482947796,4.0,115.0
3451.1347048047087,3.0,115.0
3451.1347048047087,4.0,114.0
3454.1332303909153,3.0,114.0
3454.1332303909153,4.0,113.0
3461.6467755825142,3.0,113.0
3461.6467755825142,4.0,112.0
3461.8036113858716,3.0,112.0
3461.8036113858716,4.0,111.0
3474.56885183354,3.0,111.0
3474.56885183354,4.0,110.0
3476.0867622827,3.0,110.0
3476.0867622827,4.0,109.0
3481.141216679221,3.0,109.0
3481.141216679221,4.0,108.0
3482.3310648285924,3.0,108.0
3482.3310648285924,4.0,107.0
3488.066551922996,3.0,107.0
3488.066551922996,4.0,106.0
3488.890075650799,3.0,106.0
3488.890075650799,4.0,105.0
3492.479170103727,3.0,105.0
3492.479170103727,4.0,104.0
3494.3523020048347,3.0,104.0
3494.3523020048347,4.0,103.0
3499.5492167241787,3.0,103.0
3499.5492167241787,4.0,102.0
3504.967449237525,3.0,102.0
3504.967449237525,4.0,101.0
3508.3190209581635,3.0,101.0
3508.3190209581635,4.0,100.0
3519.243417303822,3.0,100.0
3519.243417303822,4.0,99.0
3520.616502929369,3.0,99.0
3520.616502929369,4.0,98.0
3521.9431295360578,3.0,98.0
3521.9431295360578,4.0,97.0
3525.131088633005,3.0,97.0
3525.131088633005,4.0,96.0
3525.1987683997795,3.0,96.0
3525.1987683997795,4.0,95.0
3537.224911358324,3.0,95.0
3537.224911358324,4.0,94.0
3538.029284383506,3.0,94.0
3538.029284383506,4.0,93.0
3547.606023524689,3.0,93.0
3547.606023524689,4.0,92.0
3552.583517799989,3.0,92.0
3552.583517799989,4.0,91.0
3552.7208330740127,3.0,91.0
3552.7208330740127,4.0,90.0
3555.0266056754244,3.0,90.0
3555.0266056754244,4.0,89.0
3557.2812989042022,3.0,89.0
3557.2812989042022,4.0,88.0
3563.834579835964,3.0,88.0
3563.834579835964,4.0,87.0
3571.8514307889122,3.0,87.0
3571.8514307889122,4.0,86.0
3575.258270868584,3.0,86.0
3575.258270868584,4.0,85.0
3579.6252652347935,3.0,85.0
3579.6252652347935,4.0,84.0
3580.204670037321,3.0,84.0
3580.204670037321,4.0,83.0
3582.938133035856,3.0,83.0
3582.938133035856,4.0,82.0
3585.436221579985,3.0,82.0
3585.436221579985,4.0,81.0
3587.6179276863927,3.0,81.0
3587.6179276863927,4.0,80.0
3588.4154851104227,3.0,80.0
3588.4154851104227,4.0,79.0
3589.91524853212,3.0,79.0
3589.91524853212,4.0,78.0
3590.7419859467605,3.0,78.0
3590.7419859467605,4.0,77.0
3598.973746706149,3.0,77.0
3598.973746706149,4.0,76.0
3601.423846950023,3.0,76.0
3601.423846950023,4.0,75.0
3611.833582443969,3.0,75.0
3611.833582443969,4.0,74.0
3611.9890991693837,3.0,74.0
3611.9890991693837,4.0,73.0
3618.219544706894,3.0,73.0
3618.219544706894,4.0,72.0
3621.449175343835,3.0,72.0
3621.449175343835,4.0,71.0
3622.7306320375446,3.0,71.0
3622.7306320375446,4.0,70.0
3630.0086190102047,3.0,70.0
3630.0086190102047,4.0,69.0
3631.179839293106,3.0,69.0
3631.179839293106,4.0,68.0
3634.2240787913074,3.0,68.0
3634.2240787913074,4.0,67.0
3642.419125324335,3.0,67.0
3642.419125324335,4.0,66.0
3648.0904047084127,3.0,66.0
3648.0904047084127,4.0,65.0
3651.9809246970162,3.0,65.0
3651.9809246970162,4.0,64.0
3667.234390872998,3.0,64.0
3667.234390872998,4.0,63.0
3670.353614470392,3.0,63.0
3670.353614470392,4.0,62.0
3673.5301544210065,3.0,62.0
3673.5301544210065,4.0,61.0
3680.44709171123,3.0,61.0
3680.44709171123,4.0,60.0
3681.7411430663738,3.0,60.0
3681.7411430663738,4.0,59.0
3686.0812920260946,3.0,59.0
3686.0812920260946,4.0,58.0
3688.297087211635,3.0,58.0
3688.297087211635,4.0,57.0
3690.6043119869432,3.0,57.0
3690.6043119869432,4.0,56.0
3690.900173550725,3.0,56.0
3690.900173550725,4.0,55.0
3693.836693365545,3.0,55.0
3693.836693365545,4.0,54.0
3698.19635019244,3.0,54.0
3698.19635019244,4.0,53.0
3699.6131467041923,3.0,53.0
3699.6131467041923,4.0,52.0
3700.6214795140536,3.0,52.0
3700.6214795140536,4.0,51.0
3705.3929325298955,3.0,51.0
3705.3929325298955,4.0,50.0
3707.00881814544,3.0,50.0
3707.00881814544,4.0,49.0
3710.110073768667,3.0,49.0
3710.110073768667,4.0,48.0
3712.2369714620763,3.0,48.0
3712.2369714620763,4.0,47.0
3713.7375891142005,3.0,47.0
3713.7375891142005,4.0,46.0
3713.9290846394974,3.0,46.0
3713.9290846394974,4.0,45.0
3715.036808804827,3.0,45.0
3715.036808804827,4.0,44.0
3717.776174423191,3.0,44.0
3717.776174423191,4.0,43.0
3718.9820373541525,3.0,43.0
3718.9820373541525,4.0,42.0
3722.2305450373615,3.0,42.0
3722.2305450373615,4.0,41.0
3725.556472935995,3.0,41.0
3725.556472935995,4.0,40.0
3726.730187073847,3.0,40.0
3726.730187073847,4.0,39.0
3728.456285558861,3.0,39.0
3728.456285558861,4.0,38.0
3730.8003822909204,3.0,38.0
3730.8003822909204,4.0,37.0
3731.7920954050783,3.0,37.0
3731.7920954050783,4.0,36.0
3735.113984200009,3.0,36.0
3735.113984200009,4.0,35.0
3736.962820038093,3.0,35.0
3736.962820038093,4.0,34.0
3737.8333837309356,3.0,34.0
3737.8333837309356,4.0,33.0
3739.50915834392,3.0,33.0
3739.50915834392,4.0,32.0
3747.7975420054886,3.0,32.0
3747.7975420054886,4.0,31.0
3748.516783565618,3.0,31.0
3748.516783565618,4.0,30.0
3751.202936634911,3.0,30.0
3751.202936634911,4.0,29.0
3754.3679125042663,3.0,29.0
3754.3679125042663,4.0,28.0
3756.3506978015284,3.0,28.0
3756.3506978015284,4.0,27.0
3760.3795438984307,3.0,27.0
3760.3795438984307,4.0,26.0
3768.5210010963888,3.0,26.0
3768.5210010963888,4.0,25.0
3768.9237652577062,3.0,25.0
3768.9237652577062,4.0,24.0
3772.627172245407,3.0,24.0
3772.627172245407,4.0,23.0
3773.1523527633817,3.0,23.0
3773.1523527633817,4.0,22.0
3778.8545121533475,3.0,22.0
3778.8545121533475,4.0,21.0
3779.7561710797354,3.0,21.0
3779.7561710797354,4.0,20.0
3784.674802433887,3.0,20.0
3784.674802433887,4.0,19.0
3785.2417977029754,3.0,19.0
3785.2417977029754,4.0,18.0
3786.6759552016597,3.0,18.0
3786.6759552016597,4.0,17.0
3788.5599670199485,3.0,17.0
3788.5599670199485,4.0,16.0
3794.347073491037,3.0,16.0
3794.347073491037,4.0,15.0
3797.327878418038,3.0,15.0
3797.327878418038,4.0,14.0
3798.6309334273305,3.0,14.0
3798.6309334273305,4.0,13.0
3802.0743101177395,3.0,13.0
3802.0743101177395,4.0,12.0
3807.7816446142665,3.0,12.0
3807.7816446142665,4.0,11.0
3812.1173063401416,3.0,11.0
3812.1173063401416,4.0,10.0
3817.600582110259,3.0,10.0
3817.600582110259,4.0,9.0
3817.8602016336467,3.0,9.0
3817.8602016336467,4.0,8.0
3820.0728061232985,3.0,8.0
3820.0728061232985,4.0,7.0
3823.4267861735225,3.0,7.0
3823.4267861735225,4.0,6.0
3827.226760442018,3.0,6.0
3827.226760442018,4.0,5.0
3827.825298837505,3.0,5.0
3827.825298837505,4.0,4.0
3838.773624077613,3.0,4.0
3838.773624077613,4.0,3.0
3842.5830785432986,3.0,3.0
3842.5830785432986,4.0,2.0
3845.148815026859,3.0,2.0
3845.148815026859,4.0,1.0
3845.779848801081,3.0,1.0
3845.779848801081,4.0,0.0
3852.0414516640226,3.0,0.0
3853.577802195073,2.0,0.0
3854.6984744699616,1.0,0.0
3856.4809898182452,0.0,0.0
